<code_scheme name="suremeteor" version="173">
  <option name="OTHER_INDENT_OPTIONS">
    <value>
      <option name="INDENT_SIZE" value="2" />
      <option name="TAB_SIZE" value="2" />
      <option name="SMART_TABS" value="true" />
    </value>
  </option>
  <option name="LINE_SEPARATOR" value="&#10;" />
  <DB2CodeStyleSettings version="2">
    <option name="KEYWORD_CASE" value="0" />
    <option name="QUERY_IN_ONE_STRING" value="3" />
    <option name="SUBQUERY_PAR_SPACE_INSIDE" value="true" />
    <option name="INSERT_INTO_NL" value="2" />
    <option name="SET_EL_WRAP" value="0" />
    <option name="SET_EL_COMMA" value="0" />
    <option name="SET_ALIGN_EQUAL_SIGN" value="false" />
    <option name="WITH_EL_WRAP" value="0" />
    <option name="WITH_EL_COMMA" value="0" />
    <option name="SELECT_EL_WRAP" value="2" />
    <option name="SELECT_USE_AS_WORD" value="2" />
    <option name="FROM_EL_WRAP" value="2" />
    <option name="FROM_WRAP_JOIN_1" value="false" />
    <option name="FROM_WRAP_JOIN_2" value="false" />
    <option name="FROM_INDENT_JOIN" value="false" />
    <option name="WHERE_EL_WRAP" value="2" />
    <option name="ORDER_EL_WRAP" value="2" />
    <option name="TABLE_OPENING" value="1" />
    <option name="TABLE_CONTENT" value="2" />
    <option name="TABLE_CLOSING" value="3" />
    <option name="POST_OPT_WRAP_2" value="false" />
    <option name="IMP_DECLARE_EL_WRAP" value="1" />
    <option name="IMP_IF_THEN_WRAP_ELSE" value="false" />
    <option name="IMP_IF_THEN_INDENT_THEN_ELSE" value="true" />
    <option name="IMP_IF_THEN_INDENT_END" value="true" />
    <option name="CORTEGE_CLOSING" value="1" />
    <option name="EXPR_BINARY_OP_ALIGN" value="false" />
    <option name="EXPR_CASE_WHEN_WRAP" value="false" />
    <option name="EXPR_CASE_WHEN_INDENT" value="false" />
  </DB2CodeStyleSettings>
  <DerbyCodeStyleSettings version="2">
    <option name="KEYWORD_CASE" value="0" />
    <option name="QUERY_IN_ONE_STRING" value="3" />
    <option name="SUBQUERY_PAR_SPACE_INSIDE" value="true" />
    <option name="INSERT_INTO_NL" value="2" />
    <option name="SET_EL_WRAP" value="0" />
    <option name="SET_EL_COMMA" value="0" />
    <option name="SET_ALIGN_EQUAL_SIGN" value="false" />
    <option name="WITH_EL_WRAP" value="0" />
    <option name="WITH_EL_COMMA" value="0" />
    <option name="SELECT_EL_WRAP" value="2" />
    <option name="SELECT_USE_AS_WORD" value="2" />
    <option name="FROM_EL_WRAP" value="2" />
    <option name="FROM_WRAP_JOIN_1" value="false" />
    <option name="FROM_WRAP_JOIN_2" value="false" />
    <option name="FROM_INDENT_JOIN" value="false" />
    <option name="WHERE_EL_WRAP" value="2" />
    <option name="ORDER_EL_WRAP" value="2" />
    <option name="TABLE_OPENING" value="1" />
    <option name="TABLE_CONTENT" value="2" />
    <option name="TABLE_CLOSING" value="3" />
    <option name="POST_OPT_WRAP_2" value="false" />
    <option name="IMP_DECLARE_EL_WRAP" value="1" />
    <option name="IMP_IF_THEN_WRAP_ELSE" value="false" />
    <option name="IMP_IF_THEN_INDENT_THEN_ELSE" value="true" />
    <option name="IMP_IF_THEN_INDENT_END" value="true" />
    <option name="CORTEGE_CLOSING" value="1" />
    <option name="EXPR_BINARY_OP_ALIGN" value="false" />
    <option name="EXPR_CASE_WHEN_WRAP" value="false" />
    <option name="EXPR_CASE_WHEN_INDENT" value="false" />
  </DerbyCodeStyleSettings>
  <ECMA4CodeStyleSettings version="0">
    <option name="FORCE_SEMICOLON_STYLE" value="true" />
    <option name="FIELD_PREFIX" value="" />
    <option name="ALIGN_VAR_STATEMENTS" value="1" />
    <option name="SPACE_BEFORE_FUNCTION_LEFT_PARENTH" value="false" />
    <option name="FORCE_QUOTE_STYlE" value="true" />
    <option name="VAR_DECLARATION_WRAP" value="5" />
    <option name="SPACES_WITHIN_IMPORTS" value="true" />
    <option name="IMPORT_SORT_MODULE_NAME" value="true" />
  </ECMA4CodeStyleSettings>
  <H2CodeStyleSettings version="2">
    <option name="KEYWORD_CASE" value="0" />
    <option name="QUERY_IN_ONE_STRING" value="3" />
    <option name="SUBQUERY_PAR_SPACE_INSIDE" value="true" />
    <option name="INSERT_INTO_NL" value="2" />
    <option name="SET_EL_WRAP" value="0" />
    <option name="SET_EL_COMMA" value="0" />
    <option name="SET_ALIGN_EQUAL_SIGN" value="false" />
    <option name="WITH_EL_WRAP" value="0" />
    <option name="WITH_EL_COMMA" value="0" />
    <option name="SELECT_EL_WRAP" value="2" />
    <option name="SELECT_USE_AS_WORD" value="2" />
    <option name="FROM_EL_WRAP" value="2" />
    <option name="FROM_WRAP_JOIN_1" value="false" />
    <option name="FROM_WRAP_JOIN_2" value="false" />
    <option name="FROM_INDENT_JOIN" value="false" />
    <option name="WHERE_EL_WRAP" value="2" />
    <option name="ORDER_EL_WRAP" value="2" />
    <option name="TABLE_OPENING" value="1" />
    <option name="TABLE_CONTENT" value="2" />
    <option name="TABLE_CLOSING" value="3" />
    <option name="POST_OPT_WRAP_2" value="false" />
    <option name="CORTEGE_CLOSING" value="1" />
    <option name="EXPR_BINARY_OP_ALIGN" value="false" />
    <option name="EXPR_CASE_WHEN_WRAP" value="false" />
    <option name="EXPR_CASE_WHEN_INDENT" value="false" />
  </H2CodeStyleSettings>
  <HSQLCodeStyleSettings version="2">
    <option name="KEYWORD_CASE" value="0" />
    <option name="QUERY_IN_ONE_STRING" value="3" />
    <option name="SUBQUERY_PAR_SPACE_INSIDE" value="true" />
    <option name="INSERT_INTO_NL" value="2" />
    <option name="SET_EL_WRAP" value="0" />
    <option name="SET_EL_COMMA" value="0" />
    <option name="SET_ALIGN_EQUAL_SIGN" value="false" />
    <option name="WITH_EL_WRAP" value="0" />
    <option name="WITH_EL_COMMA" value="0" />
    <option name="SELECT_EL_WRAP" value="2" />
    <option name="SELECT_USE_AS_WORD" value="2" />
    <option name="FROM_EL_WRAP" value="2" />
    <option name="FROM_WRAP_JOIN_1" value="false" />
    <option name="FROM_WRAP_JOIN_2" value="false" />
    <option name="FROM_INDENT_JOIN" value="false" />
    <option name="WHERE_EL_WRAP" value="2" />
    <option name="ORDER_EL_WRAP" value="2" />
    <option name="TABLE_OPENING" value="1" />
    <option name="TABLE_CONTENT" value="2" />
    <option name="TABLE_CLOSING" value="3" />
    <option name="POST_OPT_WRAP_2" value="false" />
    <option name="CORTEGE_CLOSING" value="1" />
    <option name="EXPR_BINARY_OP_ALIGN" value="false" />
    <option name="EXPR_CASE_WHEN_WRAP" value="false" />
    <option name="EXPR_CASE_WHEN_INDENT" value="false" />
  </HSQLCodeStyleSettings>
  <JSCodeStyleSettings version="1">
    <option name="FORCE_SEMICOLON_STYLE" value="true" />
    <option name="SPACE_AFTER_TYPE_COLON" value="false" />
    <option name="FIELD_PREFIX" value="" />
    <option name="SPACE_BEFORE_FUNCTION_LEFT_PARENTH" value="false" />
    <option name="FORCE_QUOTE_STYlE" value="true" />
    <option name="VAR_DECLARATION_WRAP" value="5" />
    <option name="SPACES_WITHIN_UNION_TYPES" value="false" />
    <option name="SPACES_WITHIN_OBJECT_TYPE_BRACES" value="false" />
    <option name="IMPORT_SORT_MEMBERS" value="false" />
    <option name="IMPORT_PREFER_ABSOLUTE_PATH" value="TRUE" />
  </JSCodeStyleSettings>
  <JSON>
    <option name="OBJECT_WRAPPING" value="5" />
    <option name="ARRAY_WRAPPING" value="5" />
  </JSON>
  <MSSQLCodeStyleSettings version="2">
    <option name="KEYWORD_CASE" value="0" />
    <option name="QUERY_IN_ONE_STRING" value="3" />
    <option name="SUBQUERY_PAR_SPACE_INSIDE" value="true" />
    <option name="INSERT_INTO_NL" value="2" />
    <option name="SET_EL_WRAP" value="0" />
    <option name="SET_EL_COMMA" value="0" />
    <option name="SET_ALIGN_EQUAL_SIGN" value="false" />
    <option name="WITH_EL_WRAP" value="0" />
    <option name="WITH_EL_COMMA" value="0" />
    <option name="SELECT_EL_WRAP" value="2" />
    <option name="SELECT_USE_AS_WORD" value="2" />
    <option name="FROM_EL_WRAP" value="2" />
    <option name="FROM_WRAP_JOIN_1" value="false" />
    <option name="FROM_WRAP_JOIN_2" value="false" />
    <option name="FROM_INDENT_JOIN" value="false" />
    <option name="WHERE_EL_WRAP" value="2" />
    <option name="ORDER_EL_WRAP" value="2" />
    <option name="TABLE_OPENING" value="1" />
    <option name="TABLE_CONTENT" value="2" />
    <option name="TABLE_CLOSING" value="3" />
    <option name="POST_OPT_WRAP_2" value="false" />
    <option name="IMP_DECLARE_EL_WRAP" value="1" />
    <option name="IMP_IF_THEN_WRAP_ELSE" value="false" />
    <option name="IMP_IF_THEN_INDENT_THEN_ELSE" value="true" />
    <option name="IMP_IF_THEN_INDENT_END" value="true" />
    <option name="CORTEGE_CLOSING" value="1" />
    <option name="EXPR_BINARY_OP_ALIGN" value="false" />
    <option name="EXPR_CASE_WHEN_WRAP" value="false" />
    <option name="EXPR_CASE_WHEN_INDENT" value="false" />
  </MSSQLCodeStyleSettings>
  <MySQLCodeStyleSettings version="2">
    <option name="KEYWORD_CASE" value="0" />
    <option name="QUERY_IN_ONE_STRING" value="3" />
    <option name="SUBQUERY_PAR_SPACE_INSIDE" value="true" />
    <option name="INSERT_INTO_NL" value="2" />
    <option name="SET_EL_WRAP" value="0" />
    <option name="SET_EL_COMMA" value="0" />
    <option name="SET_ALIGN_EQUAL_SIGN" value="false" />
    <option name="WITH_EL_WRAP" value="0" />
    <option name="WITH_EL_COMMA" value="0" />
    <option name="SELECT_EL_WRAP" value="2" />
    <option name="SELECT_USE_AS_WORD" value="2" />
    <option name="FROM_EL_WRAP" value="2" />
    <option name="FROM_WRAP_JOIN_1" value="false" />
    <option name="FROM_WRAP_JOIN_2" value="false" />
    <option name="FROM_INDENT_JOIN" value="false" />
    <option name="WHERE_EL_WRAP" value="2" />
    <option name="ORDER_EL_WRAP" value="2" />
    <option name="TABLE_OPENING" value="1" />
    <option name="TABLE_CONTENT" value="2" />
    <option name="TABLE_CLOSING" value="3" />
    <option name="POST_OPT_WRAP_2" value="false" />
    <option name="IMP_IF_THEN_WRAP_ELSE" value="false" />
    <option name="IMP_IF_THEN_INDENT_THEN_ELSE" value="true" />
    <option name="IMP_IF_THEN_INDENT_END" value="true" />
    <option name="CORTEGE_CLOSING" value="1" />
    <option name="EXPR_BINARY_OP_ALIGN" value="false" />
    <option name="EXPR_CASE_WHEN_WRAP" value="false" />
    <option name="EXPR_CASE_WHEN_INDENT" value="false" />
  </MySQLCodeStyleSettings>
  <OracleCodeStyleSettings version="2">
    <option name="KEYWORD_CASE" value="0" />
    <option name="QUERY_IN_ONE_STRING" value="3" />
    <option name="SUBQUERY_PAR_SPACE_INSIDE" value="true" />
    <option name="INSERT_INTO_NL" value="2" />
    <option name="SET_EL_WRAP" value="0" />
    <option name="SET_EL_COMMA" value="0" />
    <option name="SET_ALIGN_EQUAL_SIGN" value="false" />
    <option name="WITH_EL_WRAP" value="0" />
    <option name="WITH_EL_COMMA" value="0" />
    <option name="SELECT_EL_WRAP" value="2" />
    <option name="SELECT_USE_AS_WORD" value="2" />
    <option name="FROM_EL_WRAP" value="2" />
    <option name="FROM_WRAP_JOIN_1" value="false" />
    <option name="FROM_WRAP_JOIN_2" value="false" />
    <option name="FROM_INDENT_JOIN" value="false" />
    <option name="WHERE_EL_WRAP" value="2" />
    <option name="ORDER_EL_WRAP" value="2" />
    <option name="TABLE_OPENING" value="1" />
    <option name="TABLE_CONTENT" value="2" />
    <option name="TABLE_CLOSING" value="3" />
    <option name="POST_OPT_WRAP_2" value="false" />
    <option name="IMP_DECLARE_EL_WRAP" value="1" />
    <option name="IMP_IF_THEN_WRAP_ELSE" value="false" />
    <option name="IMP_IF_THEN_INDENT_THEN_ELSE" value="true" />
    <option name="IMP_IF_THEN_INDENT_END" value="true" />
    <option name="CORTEGE_CLOSING" value="1" />
    <option name="EXPR_BINARY_OP_ALIGN" value="false" />
    <option name="EXPR_CASE_WHEN_WRAP" value="false" />
    <option name="EXPR_CASE_WHEN_INDENT" value="false" />
  </OracleCodeStyleSettings>
  <PostgresCodeStyleSettings version="2">
    <option name="KEYWORD_CASE" value="0" />
    <option name="QUERY_IN_ONE_STRING" value="3" />
    <option name="SUBQUERY_PAR_SPACE_INSIDE" value="true" />
    <option name="INSERT_INTO_NL" value="2" />
    <option name="SET_EL_WRAP" value="0" />
    <option name="SET_EL_COMMA" value="0" />
    <option name="SET_ALIGN_EQUAL_SIGN" value="false" />
    <option name="WITH_EL_WRAP" value="0" />
    <option name="WITH_EL_COMMA" value="0" />
    <option name="SELECT_EL_WRAP" value="2" />
    <option name="SELECT_USE_AS_WORD" value="2" />
    <option name="FROM_EL_WRAP" value="2" />
    <option name="FROM_WRAP_JOIN_1" value="false" />
    <option name="FROM_WRAP_JOIN_2" value="false" />
    <option name="FROM_INDENT_JOIN" value="false" />
    <option name="WHERE_EL_WRAP" value="2" />
    <option name="ORDER_EL_WRAP" value="2" />
    <option name="TABLE_OPENING" value="1" />
    <option name="TABLE_CONTENT" value="2" />
    <option name="TABLE_CLOSING" value="3" />
    <option name="POST_OPT_WRAP_2" value="false" />
    <option name="IMP_DECLARE_EL_WRAP" value="1" />
    <option name="IMP_IF_THEN_WRAP_ELSE" value="false" />
    <option name="IMP_IF_THEN_INDENT_THEN_ELSE" value="true" />
    <option name="IMP_IF_THEN_INDENT_END" value="true" />
    <option name="CORTEGE_CLOSING" value="1" />
    <option name="EXPR_BINARY_OP_ALIGN" value="false" />
    <option name="EXPR_CASE_WHEN_WRAP" value="false" />
    <option name="EXPR_CASE_WHEN_INDENT" value="false" />
  </PostgresCodeStyleSettings>
  <SQLiteCodeStyleSettings version="2">
    <option name="KEYWORD_CASE" value="0" />
    <option name="QUERY_IN_ONE_STRING" value="3" />
    <option name="SUBQUERY_PAR_SPACE_INSIDE" value="true" />
    <option name="INSERT_INTO_NL" value="2" />
    <option name="SET_EL_WRAP" value="0" />
    <option name="SET_EL_COMMA" value="0" />
    <option name="SET_ALIGN_EQUAL_SIGN" value="false" />
    <option name="WITH_EL_WRAP" value="0" />
    <option name="WITH_EL_COMMA" value="0" />
    <option name="SELECT_EL_WRAP" value="2" />
    <option name="SELECT_USE_AS_WORD" value="2" />
    <option name="FROM_EL_WRAP" value="2" />
    <option name="FROM_WRAP_JOIN_1" value="false" />
    <option name="FROM_WRAP_JOIN_2" value="false" />
    <option name="FROM_INDENT_JOIN" value="false" />
    <option name="WHERE_EL_WRAP" value="2" />
    <option name="ORDER_EL_WRAP" value="2" />
    <option name="TABLE_OPENING" value="1" />
    <option name="TABLE_CONTENT" value="2" />
    <option name="TABLE_CLOSING" value="3" />
    <option name="POST_OPT_WRAP_2" value="false" />
    <option name="CORTEGE_CLOSING" value="1" />
    <option name="EXPR_BINARY_OP_ALIGN" value="false" />
    <option name="EXPR_CASE_WHEN_WRAP" value="false" />
    <option name="EXPR_CASE_WHEN_INDENT" value="false" />
  </SQLiteCodeStyleSettings>
  <SqlCodeStyleSettings version="2">
    <option name="KEYWORD_CASE" value="0" />
    <option name="QUERY_IN_ONE_STRING" value="3" />
    <option name="SUBQUERY_PAR_SPACE_INSIDE" value="true" />
    <option name="INSERT_INTO_NL" value="2" />
    <option name="SET_EL_WRAP" value="0" />
    <option name="SET_EL_COMMA" value="0" />
    <option name="SET_ALIGN_EQUAL_SIGN" value="false" />
    <option name="WITH_EL_WRAP" value="0" />
    <option name="WITH_EL_COMMA" value="0" />
    <option name="SELECT_EL_WRAP" value="2" />
    <option name="SELECT_USE_AS_WORD" value="2" />
    <option name="FROM_EL_WRAP" value="2" />
    <option name="FROM_WRAP_JOIN_1" value="false" />
    <option name="FROM_WRAP_JOIN_2" value="false" />
    <option name="FROM_INDENT_JOIN" value="false" />
    <option name="WHERE_EL_WRAP" value="2" />
    <option name="ORDER_EL_WRAP" value="2" />
    <option name="TABLE_OPENING" value="1" />
    <option name="TABLE_CONTENT" value="2" />
    <option name="TABLE_CLOSING" value="3" />
    <option name="POST_OPT_WRAP_2" value="false" />
    <option name="IMP_DECLARE_EL_WRAP" value="1" />
    <option name="IMP_IF_THEN_WRAP_ELSE" value="false" />
    <option name="IMP_IF_THEN_INDENT_THEN_ELSE" value="true" />
    <option name="IMP_IF_THEN_INDENT_END" value="true" />
    <option name="CORTEGE_CLOSING" value="1" />
    <option name="EXPR_BINARY_OP_ALIGN" value="false" />
    <option name="EXPR_CASE_WHEN_WRAP" value="false" />
    <option name="EXPR_CASE_WHEN_INDENT" value="false" />
    <option name="SUBQUERY_INDENT_INSIDE" value="true" />
    <option name="NEW_LINE_BEFORE_THEN" value="false" />
    <option name="NEW_LINE_BEFORE_ELSE" value="false" />
    <option name="NEW_LINE_BEFORE_OTHER_CLAUSES" value="false" />
    <option name="NEW_LINE_AROUND_SEMICOLON" value="true" />
    <option name="WRAP_INSIDE_CREATE_TABLE" value="5" />
  </SqlCodeStyleSettings>
  <SybaseCodeStyleSettings version="2">
    <option name="KEYWORD_CASE" value="0" />
    <option name="QUERY_IN_ONE_STRING" value="3" />
    <option name="SUBQUERY_PAR_SPACE_INSIDE" value="true" />
    <option name="INSERT_INTO_NL" value="2" />
    <option name="SET_EL_WRAP" value="0" />
    <option name="SET_EL_COMMA" value="0" />
    <option name="SET_ALIGN_EQUAL_SIGN" value="false" />
    <option name="WITH_EL_WRAP" value="0" />
    <option name="WITH_EL_COMMA" value="0" />
    <option name="SELECT_EL_WRAP" value="2" />
    <option name="SELECT_USE_AS_WORD" value="2" />
    <option name="FROM_EL_WRAP" value="2" />
    <option name="FROM_WRAP_JOIN_1" value="false" />
    <option name="FROM_WRAP_JOIN_2" value="false" />
    <option name="FROM_INDENT_JOIN" value="false" />
    <option name="WHERE_EL_WRAP" value="2" />
    <option name="ORDER_EL_WRAP" value="2" />
    <option name="TABLE_OPENING" value="1" />
    <option name="TABLE_CONTENT" value="2" />
    <option name="TABLE_CLOSING" value="3" />
    <option name="POST_OPT_WRAP_2" value="false" />
    <option name="IMP_DECLARE_EL_WRAP" value="1" />
    <option name="IMP_IF_THEN_WRAP_ELSE" value="false" />
    <option name="IMP_IF_THEN_INDENT_THEN_ELSE" value="true" />
    <option name="IMP_IF_THEN_INDENT_END" value="true" />
    <option name="CORTEGE_CLOSING" value="1" />
    <option name="EXPR_BINARY_OP_ALIGN" value="false" />
    <option name="EXPR_CASE_WHEN_WRAP" value="false" />
    <option name="EXPR_CASE_WHEN_INDENT" value="false" />
  </SybaseCodeStyleSettings>
  <TypeScriptCodeStyleSettings version="0">
    <option name="FORCE_SEMICOLON_STYLE" value="true" />
    <option name="SPACE_AFTER_TYPE_COLON" value="false" />
    <option name="FIELD_PREFIX" value="" />
    <option name="ALIGN_VAR_STATEMENTS" value="1" />
    <option name="SPACE_BEFORE_FUNCTION_LEFT_PARENTH" value="false" />
    <option name="FORCE_QUOTE_STYlE" value="true" />
    <option name="VAR_DECLARATION_WRAP" value="5" />
    <option name="ALIGN_IMPORTS" value="true" />
    <option name="SPACES_WITHIN_UNION_TYPES" value="false" />
    <option name="SPACES_WITHIN_OBJECT_TYPE_BRACES" value="false" />
    <option name="IMPORT_SORT_MEMBERS" value="false" />
  </TypeScriptCodeStyleSettings>
  <editorconfig>
    <option name="ENABLED" value="false" />
  </editorconfig>
  <codeStyleSettings language="CoffeeScript">
    <option name="KEEP_LINE_BREAKS" value="false" />
    <option name="ALIGN_MULTILINE_PARAMETERS" value="false" />
    <option name="ALIGN_MULTILINE_ARRAY_INITIALIZER_EXPRESSION" value="false" />
    <option name="CALL_PARAMETERS_WRAP" value="5" />
    <option name="CALL_PARAMETERS_LPAREN_ON_NEXT_LINE" value="true" />
    <option name="CALL_PARAMETERS_RPAREN_ON_NEXT_LINE" value="true" />
    <option name="METHOD_PARAMETERS_WRAP" value="5" />
    <option name="METHOD_PARAMETERS_LPAREN_ON_NEXT_LINE" value="true" />
    <option name="METHOD_PARAMETERS_RPAREN_ON_NEXT_LINE" value="true" />
    <option name="KEEP_SIMPLE_METHODS_IN_ONE_LINE" value="true" />
    <option name="ARRAY_INITIALIZER_WRAP" value="5" />
    <option name="ARRAY_INITIALIZER_LBRACE_ON_NEXT_LINE" value="true" />
    <option name="ARRAY_INITIALIZER_RBRACE_ON_NEXT_LINE" value="true" />
    <option name="SOFT_MARGINS" value="120" />
  </codeStyleSettings>
  <codeStyleSettings language="DB2">
    <indentOptions>
      <option name="CONTINUATION_INDENT_SIZE" value="2" />
      <option name="USE_TAB_CHARACTER" value="true" />
      <option name="SMART_TABS" value="true" />
    </indentOptions>
  </codeStyleSettings>
  <codeStyleSettings language="Derby">
    <indentOptions>
      <option name="CONTINUATION_INDENT_SIZE" value="2" />
      <option name="USE_TAB_CHARACTER" value="true" />
      <option name="SMART_TABS" value="true" />
    </indentOptions>
  </codeStyleSettings>
  <codeStyleSettings language="ECMA Script Level 4">
    <option name="LINE_COMMENT_AT_FIRST_COLUMN" value="false" />
    <option name="BLANK_LINES_AFTER_PACKAGE" value="1" />
    <option name="WHILE_ON_NEW_LINE" value="true" />
    <option name="ALIGN_MULTILINE_PARAMETERS" value="false" />
    <option name="ALIGN_MULTILINE_FOR" value="false" />
    <option name="ALIGN_MULTILINE_ARRAY_INITIALIZER_EXPRESSION" value="true" />
    <option name="CALL_PARAMETERS_WRAP" value="5" />
    <option name="CALL_PARAMETERS_LPAREN_ON_NEXT_LINE" value="true" />
    <option name="CALL_PARAMETERS_RPAREN_ON_NEXT_LINE" value="true" />
    <option name="METHOD_PARAMETERS_WRAP" value="5" />
    <option name="METHOD_PARAMETERS_LPAREN_ON_NEXT_LINE" value="true" />
    <option name="METHOD_PARAMETERS_RPAREN_ON_NEXT_LINE" value="true" />
    <option name="EXTENDS_LIST_WRAP" value="5" />
    <option name="EXTENDS_KEYWORD_WRAP" value="1" />
    <option name="METHOD_CALL_CHAIN_WRAP" value="5" />
    <option name="BINARY_OPERATION_WRAP" value="5" />
    <option name="TERNARY_OPERATION_WRAP" value="5" />
    <option name="TERNARY_OPERATION_SIGNS_ON_NEXT_LINE" value="true" />
    <option name="KEEP_SIMPLE_BLOCKS_IN_ONE_LINE" value="true" />
    <option name="KEEP_SIMPLE_METHODS_IN_ONE_LINE" value="true" />
    <option name="FOR_STATEMENT_WRAP" value="5" />
    <option name="ARRAY_INITIALIZER_WRAP" value="5" />
    <option name="ARRAY_INITIALIZER_LBRACE_ON_NEXT_LINE" value="true" />
    <option name="ARRAY_INITIALIZER_RBRACE_ON_NEXT_LINE" value="true" />
    <option name="ASSIGNMENT_WRAP" value="5" />
    <option name="IF_BRACE_FORCE" value="3" />
    <option name="DOWHILE_BRACE_FORCE" value="1" />
    <option name="WHILE_BRACE_FORCE" value="1" />
    <option name="FOR_BRACE_FORCE" value="1" />
    <option name="SOFT_MARGINS" value="120" />
    <indentOptions>
      <option name="INDENT_SIZE" value="2" />
      <option name="CONTINUATION_INDENT_SIZE" value="2" />
      <option name="TAB_SIZE" value="2" />
      <option name="KEEP_INDENTS_ON_EMPTY_LINES" value="true" />
    </indentOptions>
  </codeStyleSettings>
  <codeStyleSettings language="H2">
    <indentOptions>
      <option name="CONTINUATION_INDENT_SIZE" value="2" />
      <option name="USE_TAB_CHARACTER" value="true" />
      <option name="SMART_TABS" value="true" />
    </indentOptions>
  </codeStyleSettings>
  <codeStyleSettings language="HSQLDB">
    <indentOptions>
      <option name="CONTINUATION_INDENT_SIZE" value="2" />
      <option name="USE_TAB_CHARACTER" value="true" />
      <option name="SMART_TABS" value="true" />
    </indentOptions>
  </codeStyleSettings>
  <codeStyleSettings language="HTML">
    <option name="WRAP_ON_TYPING" value="1" />
  </codeStyleSettings>
  <codeStyleSettings language="JSON">
    <option name="KEEP_LINE_BREAKS" value="false" />
    <option name="SPACE_WITHIN_BRACES" value="true" />
    <option name="WRAP_LONG_LINES" value="true" />
    <option name="WRAP_ON_TYPING" value="0" />
  </codeStyleSettings>
  <codeStyleSettings language="JavaScript">
    <option name="LINE_COMMENT_ADD_SPACE" value="false" />
    <option name="WHILE_ON_NEW_LINE" value="true" />
    <option name="ALIGN_MULTILINE_PARAMETERS" value="false" />
    <option name="ALIGN_MULTILINE_FOR" value="false" />
    <option name="CALL_PARAMETERS_WRAP" value="5" />
    <option name="CALL_PARAMETERS_LPAREN_ON_NEXT_LINE" value="true" />
    <option name="CALL_PARAMETERS_RPAREN_ON_NEXT_LINE" value="true" />
    <option name="METHOD_PARAMETERS_WRAP" value="5" />
    <option name="METHOD_PARAMETERS_LPAREN_ON_NEXT_LINE" value="true" />
    <option name="METHOD_PARAMETERS_RPAREN_ON_NEXT_LINE" value="true" />
    <option name="EXTENDS_LIST_WRAP" value="5" />
    <option name="EXTENDS_KEYWORD_WRAP" value="1" />
    <option name="METHOD_CALL_CHAIN_WRAP" value="5" />
    <option name="PARENTHESES_EXPRESSION_LPAREN_WRAP" value="true" />
    <option name="PARENTHESES_EXPRESSION_RPAREN_WRAP" value="true" />
    <option name="BINARY_OPERATION_WRAP" value="5" />
    <option name="TERNARY_OPERATION_WRAP" value="5" />
    <option name="TERNARY_OPERATION_SIGNS_ON_NEXT_LINE" value="true" />
    <option name="FOR_STATEMENT_WRAP" value="5" />
    <option name="ARRAY_INITIALIZER_WRAP" value="5" />
    <option name="ARRAY_INITIALIZER_LBRACE_ON_NEXT_LINE" value="true" />
    <option name="ARRAY_INITIALIZER_RBRACE_ON_NEXT_LINE" value="true" />
    <option name="ASSIGNMENT_WRAP" value="5" />
    <option name="IF_BRACE_FORCE" value="3" />
    <option name="DOWHILE_BRACE_FORCE" value="1" />
    <option name="WHILE_BRACE_FORCE" value="1" />
    <option name="FOR_BRACE_FORCE" value="1" />
    <option name="SOFT_MARGINS" value="120" />
    <indentOptions>
      <option name="INDENT_SIZE" value="2" />
      <option name="CONTINUATION_INDENT_SIZE" value="2" />
      <option name="TAB_SIZE" value="2" />
      <option name="KEEP_INDENTS_ON_EMPTY_LINES" value="true" />
    </indentOptions>
    <arrangement>
      <groups />
    </arrangement>
  </codeStyleSettings>
  <codeStyleSettings language="MySQL">
    <indentOptions>
      <option name="CONTINUATION_INDENT_SIZE" value="2" />
      <option name="USE_TAB_CHARACTER" value="true" />
      <option name="SMART_TABS" value="true" />
    </indentOptions>
  </codeStyleSettings>
  <codeStyleSettings language="Oracle">
    <indentOptions>
      <option name="CONTINUATION_INDENT_SIZE" value="2" />
      <option name="USE_TAB_CHARACTER" value="true" />
      <option name="SMART_TABS" value="true" />
    </indentOptions>
  </codeStyleSettings>
  <codeStyleSettings language="PROTO">
    <indentOptions>
      <option name="INDENT_SIZE" value="2" />
      <option name="CONTINUATION_INDENT_SIZE" value="0" />
      <option name="TAB_SIZE" value="2" />
    </indentOptions>
  </codeStyleSettings>
  <codeStyleSettings language="PostgreSQL">
    <indentOptions>
      <option name="CONTINUATION_INDENT_SIZE" value="2" />
      <option name="USE_TAB_CHARACTER" value="true" />
      <option name="SMART_TABS" value="true" />
    </indentOptions>
  </codeStyleSettings>
  <codeStyleSettings language="SQL">
    <indentOptions>
      <option name="CONTINUATION_INDENT_SIZE" value="2" />
      <option name="USE_TAB_CHARACTER" value="true" />
      <option name="SMART_TABS" value="true" />
    </indentOptions>
  </codeStyleSettings>
  <codeStyleSettings language="SQLite">
    <indentOptions>
      <option name="CONTINUATION_INDENT_SIZE" value="2" />
      <option name="USE_TAB_CHARACTER" value="true" />
      <option name="SMART_TABS" value="true" />
    </indentOptions>
  </codeStyleSettings>
  <codeStyleSettings language="Sybase">
    <indentOptions>
      <option name="CONTINUATION_INDENT_SIZE" value="2" />
      <option name="USE_TAB_CHARACTER" value="true" />
      <option name="SMART_TABS" value="true" />
    </indentOptions>
  </codeStyleSettings>
  <codeStyleSettings language="TSQL">
    <indentOptions>
      <option name="CONTINUATION_INDENT_SIZE" value="2" />
      <option name="USE_TAB_CHARACTER" value="true" />
      <option name="SMART_TABS" value="true" />
    </indentOptions>
  </codeStyleSettings>
  <codeStyleSettings language="TypeScript">
    <option name="WHILE_ON_NEW_LINE" value="true" />
    <option name="ALIGN_MULTILINE_PARAMETERS" value="false" />
    <option name="ALIGN_MULTILINE_FOR" value="false" />
    <option name="ALIGN_MULTILINE_ARRAY_INITIALIZER_EXPRESSION" value="true" />
    <option name="CALL_PARAMETERS_WRAP" value="5" />
    <option name="CALL_PARAMETERS_LPAREN_ON_NEXT_LINE" value="true" />
    <option name="CALL_PARAMETERS_RPAREN_ON_NEXT_LINE" value="true" />
    <option name="METHOD_PARAMETERS_WRAP" value="5" />
    <option name="METHOD_PARAMETERS_LPAREN_ON_NEXT_LINE" value="true" />
    <option name="METHOD_PARAMETERS_RPAREN_ON_NEXT_LINE" value="true" />
    <option name="EXTENDS_LIST_WRAP" value="5" />
    <option name="EXTENDS_KEYWORD_WRAP" value="1" />
    <option name="METHOD_CALL_CHAIN_WRAP" value="5" />
    <option name="BINARY_OPERATION_WRAP" value="5" />
    <option name="TERNARY_OPERATION_WRAP" value="5" />
    <option name="TERNARY_OPERATION_SIGNS_ON_NEXT_LINE" value="true" />
    <option name="KEEP_SIMPLE_BLOCKS_IN_ONE_LINE" value="true" />
    <option name="KEEP_SIMPLE_METHODS_IN_ONE_LINE" value="true" />
    <option name="FOR_STATEMENT_WRAP" value="5" />
    <option name="ARRAY_INITIALIZER_WRAP" value="5" />
    <option name="ARRAY_INITIALIZER_LBRACE_ON_NEXT_LINE" value="true" />
    <option name="ARRAY_INITIALIZER_RBRACE_ON_NEXT_LINE" value="true" />
    <option name="ASSIGNMENT_WRAP" value="5" />
    <option name="IF_BRACE_FORCE" value="3" />
    <option name="DOWHILE_BRACE_FORCE" value="1" />
    <option name="WHILE_BRACE_FORCE" value="1" />
    <option name="FOR_BRACE_FORCE" value="1" />
    <option name="SOFT_MARGINS" value="120" />
    <indentOptions>
      <option name="INDENT_SIZE" value="2" />
      <option name="CONTINUATION_INDENT_SIZE" value="2" />
      <option name="TAB_SIZE" value="2" />
      <option name="KEEP_INDENTS_ON_EMPTY_LINES" value="true" />
    </indentOptions>
    <arrangement>
      <groups />
    </arrangement>
  </codeStyleSettings>
</code_scheme>