<application>
  <component name="GeneralSettings">
    <option name="autoSaveIfInactive" value="true" />
    <option name="confirmExit" value="false" />
    <option name="confirmOpenNewProject2" value="0" />
    <option name="inactiveTimeout" value="30" />
    <option name="processCloseConfirmation" value="TERMINATE" />
    <option name="showTipsOnStartup" value="false" />
  </component>
  <component name="Registry">
    <entry key="bigger.font.in.project.view" value="true" />
    <entry key="ide.tooltip.initialDelay" value="0" />
    <entry key="ide.suppress.double.click.handler" value="true" />
    <entry key="ide.balloon.shadow.size" value="0" />
    <entry key="mac.editor.thumb.default.alpha.base" value="0" />
    <entry key="mac.editor.thumb.default.alpha.delta" value="102" />
    <entry key="mac.editor.thumb.darcula.alpha.base" value="0" />
    <entry key="mac.editor.thumb.darcula.alpha.delta" value="102" />
    <entry key="mac.editor.thumb.default.fill.min" value="102" />
    <entry key="mac.editor.thumb.default.fill.max" value="150" />
    <entry key="mac.editor.thumb.darcula.fill.min" value="102" />
    <entry key="mac.editor.thumb.darcula.fill.max" value="163" />
    <entry key="debugger.valueTooltipAutoShowOnSelection" value="true" />
    <entry key="search.everywhere.configurations" value="false" />
    <entry key="search.everywhere.symbols" value="false" />
    <entry key="search.everywhere.files" value="false" />
    <entry key="search.everywhere.toolwindows" value="false" />
    <entry key="ide.mac.allowDarkWindowDecorations" value="true" />
    <entry key="ide.tree.ui.experimental" value="false" />
    <entry key="ide.windowSystem.autoShowProcessPopup" value="true" />
  </component>
  <component name="StatusBar">
    <option name="widgets">
      <map>
        <entry key="Encoding" value="false" />
        <entry key="InsertOverwrite" value="false" />
        <entry key="LineSeparator" value="false" />
        <entry key="Memory" value="true" />
        <entry key="Position" value="false" />
        <entry key="com.intellij.psi.codeStyle.statusbar.CodeStyleStatusBarWidget" value="false" />
      </map>
    </option>
  </component>
</application>