<application>
  <component name="TemplateSettings">
    <option name="deletedKeys">
      <list>
        <TemplateKey>
          <option name="groupName" value="JavaScript" />
          <option name="key" value="fori" />
        </TemplateKey>
        <TemplateKey>
          <option name="groupName" value="JavaScript" />
          <option name="key" value="iter" />
        </TemplateKey>
        <TemplateKey>
          <option name="groupName" value="JavaScript" />
          <option name="key" value="itin" />
        </TemplateKey>
        <TemplateKey>
          <option name="groupName" value="JavaScript" />
          <option name="key" value="itar" />
        </TemplateKey>
        <TemplateKey>
          <option name="groupName" value="JavaScript" />
          <option name="key" value="ritar" />
        </TemplateKey>
        <TemplateKey>
          <option name="groupName" value="JavaScript" />
          <option name="key" value="importitems" />
        </TemplateKey>
        <TemplateKey>
          <option name="groupName" value="JavaScript" />
          <option name="key" value="importns" />
        </TemplateKey>
        <TemplateKey>
          <option name="groupName" value="JavaScript" />
          <option name="key" value="importdefault" />
        </TemplateKey>
        <TemplateKey>
          <option name="groupName" value="JavaScript" />
          <option name="key" value="exportall" />
        </TemplateKey>
        <TemplateKey>
          <option name="groupName" value="JavaScript" />
          <option name="key" value="exportfrom" />
        </TemplateKey>
        <TemplateKey>
          <option name="groupName" value="JavaScript" />
          <option name="key" value="exportitems" />
        </TemplateKey>
        <TemplateKey>
          <option name="groupName" value="JavaScript" />
          <option name="key" value="us" />
        </TemplateKey>
        <TemplateKey>
          <option name="groupName" value="JavaScript" />
          <option name="key" value="ref" />
        </TemplateKey>
        <TemplateKey>
          <option name="groupName" value="JavaScript" />
          <option name="key" value="defn" />
        </TemplateKey>
        <TemplateKey>
          <option name="groupName" value="JavaScript" />
          <option name="key" value="flow" />
        </TemplateKey>
        <TemplateKey>
          <option name="groupName" value="jsf" />
          <option name="key" value="tldTag" />
        </TemplateKey>
        <TemplateKey>
          <option name="groupName" value="jsf" />
          <option name="key" value="tldFunction" />
        </TemplateKey>
        <TemplateKey>
          <option name="groupName" value="jsf" />
          <option name="key" value="uicomponent" />
        </TemplateKey>
        <TemplateKey>
          <option name="groupName" value="jsf" />
          <option name="key" value="jsfconverter" />
        </TemplateKey>
        <TemplateKey>
          <option name="groupName" value="jsf" />
          <option name="key" value="navrule" />
        </TemplateKey>
        <TemplateKey>
          <option name="groupName" value="jsf" />
          <option name="key" value="refbean" />
        </TemplateKey>
        <TemplateKey>
          <option name="groupName" value="jsf" />
          <option name="key" value="renderkit" />
        </TemplateKey>
        <TemplateKey>
          <option name="groupName" value="jsf" />
          <option name="key" value="jsfvalidator" />
        </TemplateKey>
        <TemplateKey>
          <option name="groupName" value="jsf" />
          <option name="key" value="propertybean" />
        </TemplateKey>
        <TemplateKey>
          <option name="groupName" value="jsf" />
          <option name="key" value="mapentriesbean" />
        </TemplateKey>
        <TemplateKey>
          <option name="groupName" value="jsf" />
          <option name="key" value="listentriesbean" />
        </TemplateKey>
      </list>
    </option>
  </component>
</application>