<list display="Local Builds">
  <action id="RunConfigurationAsAction_Run_proto [compile]_default_target" />
  <action id="RunConfigurationAsAction_Run_proto [install]_default_target" />
  <action id="RunConfigurationAsAction_Run_api-parent [compile]_default_target" />
  <action id="RunConfigurationAsAction_Run_api-parent [test]_default_target" />
  <action id="RunConfigurationAsAction_Run_api-parent [install]_default_target" />
  <action id="RunConfigurationAsAction_Run_device-parent [compile]_default_target" />
  <action id="RunConfigurationAsAction_Run_device-parent [test]_default_target" />
  <action id="RunConfigurationAsAction_Run_device-parent [install]_default_target" />
  <action id="RunConfigurationAsAction_Run_user-parent [compile]_default_target" />
  <action id="RunConfigurationAsAction_Run_user-parent [test]_default_target" />
  <action id="RunConfigurationAsAction_Run_user-parent [install]_default_target" />
  <action id="QuickList.$Separator$" />
  <action id="com.wallaby.javascript.actions.RunAllTestsAction" />
  <action id="CompileDirty" />
  <action id="CompileProject" />
  <action id="QuickList.$Separator$" />
  <action id="RunConfigurationAsAction_Debug_Api Rest Service Dev_default_target" />
  <action id="RunConfigurationAsAction_Debug_Api Service Dev_default_target" />
  <action id="QuickList.$Separator$" />
  <action id="Maven.UpdateFolders" />
  <action id="Maven.DownloadAllSourcesAndDocs" />
  <action id="Maven.Reimport" />
</list>