<application>
  <component name="dataSourceStorage" format="xml" multifile-model="true">
    <data-source source="LOCAL" name="Rachio Prod readonly" uuid="d8c47ac3-466d-4be8-8ff3-febbb8d57f27">
      <driver-ref>postgresql</driver-ref>
      <synchronize>true</synchronize>
      <schema-control>AUTOMATIC</schema-control>
      <jdbc-driver>org.postgresql.Driver</jdbc-driver>
      <jdbc-url>jdbc:postgresql://core-aurora-postgresql-prod.cluster-c9ingygldflb.us-west-2.rds.amazonaws.com:5432/prod</jdbc-url>
    </data-source>
    <data-source source="LOCAL" name="Rachio Dev db_owner" uuid="30b6ac74-7d94-4181-a741-fa78dff63892">
      <driver-ref>postgresql</driver-ref>
      <synchronize>true</synchronize>
      <schema-control>AUTOMATIC</schema-control>
      <jdbc-driver>org.postgresql.Driver</jdbc-driver>
      <jdbc-url>jdbc:postgresql://core-aurora-postgresql-dev-0.c9ingygldflb.us-west-2.rds.amazonaws.com:5432/dev</jdbc-url>
    </data-source>
  </component>
</application>