<application>
  <component name="MaterialThemeConfig">
    <option name="allowDataCollection" value="true" />
    <option name="compactDropdowns" value="true" />
    <option name="isCompactStatusBar" value="true" />
    <option name="isCompactTables" value="true" />
    <option name="isContrastMode" value="true" />
    <option name="isCustomTreeIndentEnabled" value="true" />
    <option name="isHighContrast" value="true" />
    <option name="isWizardShown" value="true" />
    <option name="overrideAccentColor" value="true" />
    <option name="pristineConfig" value="false" />
    <option name="treeFontSizeEnabled" value="true" />
    <option name="treeFontSize" value="16" />
    <option name="indicatorThickness" value="5" />
    <option name="leftTreeIndent" value="10" />
    <option name="settingsSelectedTab" value="3" />
    <option name="accentColor" value="ffd866" />
    <option name="highlightColor" value="80cbc4" />
    <option name="selectedTheme" value="MONOKAI" />
    <option name="userId" value="-11b521b9:165690ef12f:-8000" />
    <option name="version" value="4.5.2" />
  </component>
</application>