<application>
  <component name="ProtobufSettings">
    <option name="includePaths">
      <list>
        <option value="$USER_HOME$/workspace/rachio-backend/proto" />
        <option value="$USER_HOME$/workspace/rachio-backend/com.rachio.device/device-proto/src/main/proto" />
        <option value="$USER_HOME$/workspace/rachio-backend/com.rachio.core/core-proto/src/main/proto" />
        <option value="$USER_HOME$/workspace/rachio-backend/com.rachio.event/event-proto/src/main/proto" />
        <option value="$USER_HOME$/workspace/rachio-backend/com.rachio.user/user-proto/src/main/proto" />
      </list>
    </option>
  </component>
</application>