<application>
  <component name="dataSourceStorage" format="xml" multifile-model="true">
    <data-source source="LOCAL" name="Sure Mongo" uuid="9195f3c3-281b-4c68-a3c0-99b3c14da939">
      <driver-ref>mongo</driver-ref>
      <synchronize>true</synchronize>
      <jdbc-driver>com.dbschema.MongoJdbcDriver</jdbc-driver>
      <jdbc-url>mongodb://development-mongodb-replicaset-0.development-mongodb-replicaset.development-mongodb-replicaset.svc.cluster.local,development-mongodb-replicaset-1.development-mongodb-replicaset.development-mongodb-replicaset.svc.cluster.local,development-mongodb-replicaset-2.development-mongodb-replicaset.development-mongodb-replicaset.svc.cluster.local:27017/suredb?replicaSet=rs0&amp;readPreference=primaryPreferred</jdbc-url>
    </data-source>
  </component>
</application>