<profile version="1.0">
  <option name="myName" value="Default" />
  <inspection_tool class="CheckNodeTest" enabled="false" level="WARNING" enabled_by_default="false">
    <scope name="Inspections" level="WARNING" enabled="false" />
  </inspection_tool>
  <inspection_tool class="ConstantIfStatementJS" enabled="true" level="WARNING" enabled_by_default="false">
    <scope name="Inspections" level="WARNING" enabled="true" />
  </inspection_tool>
  <inspection_tool class="CssOptimizeSimilarProperties" enabled="false" level="WEAK WARNING" enabled_by_default="false">
    <scope name="Inspections" level="WEAK WARNING" enabled="false" />
  </inspection_tool>
  <inspection_tool class="CssUnresolvedCustomPropertySet" enabled="false" level="ERROR" enabled_by_default="false">
    <scope name="Inspections" level="ERROR" enabled="false" />
  </inspection_tool>
  <inspection_tool class="DuplicateCaseLabelJS" enabled="true" level="WARNING" enabled_by_default="false">
    <scope name="Inspections" level="WARNING" enabled="true" />
  </inspection_tool>
  <inspection_tool class="Duplicates" enabled="true" level="WEAK WARNING" enabled_by_default="false">
    <scope name="Inspections" level="WEAK WARNING" enabled="true" />
  </inspection_tool>
  <inspection_tool class="HardwiredNamespacePrefix" enabled="false" level="WARNING" enabled_by_default="false">
    <scope name="Inspections" level="WARNING" enabled="false" />
  </inspection_tool>
  <inspection_tool class="ImplicitTypeConversion" enabled="false" level="WARNING" enabled_by_default="false">
    <scope name="Inspections" level="WARNING" enabled="false" />
    <option name="BITS" value="1720" />
    <option name="FLAG_EXPLICIT_CONVERSION" value="true" />
    <option name="IGNORE_NODESET_TO_BOOLEAN_VIA_STRING" value="true" />
  </inspection_tool>
  <inspection_tool class="IndexZeroUsage" enabled="false" level="WARNING" enabled_by_default="false">
    <scope name="Inspections" level="WARNING" enabled="false" />
  </inspection_tool>
  <inspection_tool class="KarmaConfigFile" enabled="true" level="WARNING" enabled_by_default="false">
    <scope name="Inspections" level="WARNING" enabled="true" />
  </inspection_tool>
  <inspection_tool class="NodeJsCodingAssistanceForCoreModules" enabled="true" level="WARNING" enabled_by_default="false">
    <scope name="Inspections" level="WARNING" enabled="true" />
  </inspection_tool>
  <inspection_tool class="NonShortCircuitBooleanExpressionJS" enabled="true" level="WARNING" enabled_by_default="false">
    <scope name="Inspections" level="WARNING" enabled="true" />
  </inspection_tool>
  <inspection_tool class="OctalIntegerJS" enabled="true" level="WARNING" enabled_by_default="false">
    <scope name="Inspections" level="WARNING" enabled="true" />
  </inspection_tool>
  <inspection_tool class="QuirksModeInspectionTool" enabled="false" level="WARNING" enabled_by_default="false">
    <scope name="Inspections" level="WARNING" enabled="false">
      <option name="IE50" value="false" />
      <option name="IE55" value="false" />
      <option name="IE6" value="true" />
      <option name="IE7" value="true" />
      <option name="IE_MAC" value="false" />
      <option name="MOZILLA" value="true" />
      <option name="OPERA7" value="false" />
      <option name="OPERA8" value="false" />
      <option name="OPERA85" value="true" />
      <option name="OPERA9" value="true" />
      <option name="SAFARI" value="true" />
    </scope>
    <option name="IE50" value="false" />
    <option name="IE55" value="false" />
    <option name="IE6" value="true" />
    <option name="IE7" value="true" />
    <option name="IE_MAC" value="false" />
    <option name="MOZILLA" value="true" />
    <option name="OPERA7" value="false" />
    <option name="OPERA8" value="false" />
    <option name="OPERA85" value="true" />
    <option name="OPERA9" value="true" />
    <option name="SAFARI" value="true" />
  </inspection_tool>
  <inspection_tool class="RedundantTypeConversion" enabled="false" level="WARNING" enabled_by_default="false">
    <scope name="Inspections" level="WARNING" enabled="false" />
    <option name="CHECK_ANY" value="false" />
  </inspection_tool>
  <inspection_tool class="SwitchStatementWithNoDefaultBranchJS" enabled="true" level="WARNING" enabled_by_default="false">
    <scope name="Inspections" level="WARNING" enabled="true" />
  </inspection_tool>
  <inspection_tool class="TaskProblemsInspection" enabled="true" level="WEAK WARNING" enabled_by_default="false">
    <scope name="Inspections" level="WEAK WARNING" enabled="true" />
  </inspection_tool>
  <inspection_tool class="TypeScriptPreferShortImport" enabled="true" level="WARNING" enabled_by_default="false">
    <scope name="Inspections" level="WARNING" enabled="true" />
  </inspection_tool>
  <inspection_tool class="TypescriptExplicitMemberType" enabled="true" level="INFORMATION" enabled_by_default="false">
    <scope name="Inspections" level="INFORMATION" enabled="true" />
  </inspection_tool>
  <inspection_tool class="XsltDeclarations" enabled="false" level="ERROR" enabled_by_default="false">
    <scope name="Inspections" level="ERROR" enabled="false" />
  </inspection_tool>
  <inspection_tool class="XsltTemplateInvocation" enabled="false" level="ERROR" enabled_by_default="false">
    <scope name="Inspections" level="ERROR" enabled="false" />
  </inspection_tool>
  <inspection_tool class="XsltUnusedDeclaration" enabled="false" level="WARNING" enabled_by_default="false">
    <scope name="Inspections" level="WARNING" enabled="false" />
  </inspection_tool>
  <inspection_tool class="XsltVariableShadowing" enabled="false" level="WARNING" enabled_by_default="false">
    <scope name="Inspections" level="WARNING" enabled="false" />
  </inspection_tool>
</profile>