<application>
  <component name="libraryTable">
    <library name="@types/babel-core" type="javaScript">
      <CLASSES />
      <JAVADOC />
      <SOURCES />
    </library>
    <library name="@types/babel-plugin-syntax-jsx" type="javaScript">
      <CLASSES />
      <JAVADOC />
      <SOURCES />
    </library>
    <library name="@types/babel-types" type="javaScript">
      <CLASSES />
      <JAVADOC />
      <SOURCES />
    </library>
    <library name="@types/babel-webpack-plugin" type="javaScript">
      <CLASSES />
      <JAVADOC />
      <SOURCES />
    </library>
    <library name="@types/chai" type="javaScript">
      <CLASSES />
      <JAVADOC />
      <SOURCES />
    </library>
    <library name="@types/css" type="javaScript">
      <CLASSES />
      <JAVADOC />
      <SOURCES />
    </library>
    <library name="@types/enzyme" type="javaScript">
      <CLASSES />
      <JAVADOC />
      <SOURCES />
    </library>
    <library name="@types/enzyme-adapter-react-15" type="javaScript">
      <CLASSES />
      <JAVADOC />
      <SOURCES />
    </library>
    <library name="@types/enzyme-adapter-react-16" type="javaScript">
      <CLASSES />
      <JAVADOC />
      <SOURCES />
    </library>
    <library name="@types/es-feature-detection" type="javaScript">
      <CLASSES />
      <JAVADOC />
      <SOURCES />
    </library>
    <library name="@types/es6-collections" type="javaScript">
      <CLASSES />
      <JAVADOC />
      <SOURCES />
    </library>
    <library name="@types/es6-set-proptypes" type="javaScript">
      <CLASSES />
      <JAVADOC />
      <SOURCES />
    </library>
    <library name="@types/jest" type="javaScript">
      <CLASSES />
      <JAVADOC />
      <SOURCES />
    </library>
    <library name="@types/leaflet" type="javaScript">
      <CLASSES />
      <JAVADOC />
      <SOURCES />
    </library>
    <library name="@types/leaflet-areaselect" type="javaScript">
      <CLASSES />
      <JAVADOC />
      <SOURCES />
    </library>
    <library name="@types/leaflet-draw" type="javaScript">
      <CLASSES />
      <JAVADOC />
      <SOURCES />
    </library>
    <library name="@types/less" type="javaScript">
      <CLASSES />
      <JAVADOC />
      <SOURCES />
    </library>
    <library name="@types/lodash" type="javaScript">
      <CLASSES />
      <JAVADOC />
      <SOURCES />
    </library>
    <library name="@types/mapbox" type="javaScript">
      <CLASSES />
      <JAVADOC />
      <SOURCES />
    </library>
    <library name="@types/meteor" type="javaScript">
      <CLASSES />
      <JAVADOC />
      <SOURCES />
    </library>
    <library name="@types/meteor-roles" type="javaScript">
      <CLASSES />
      <JAVADOC />
      <SOURCES />
    </library>
    <library name="@types/mocha" type="javaScript">
      <CLASSES />
      <JAVADOC />
      <SOURCES />
    </library>
    <library name="@types/moment-timezone" type="javaScript">
      <CLASSES />
      <JAVADOC />
      <SOURCES />
    </library>
    <library name="@types/mongo-sanitize" type="javaScript">
      <CLASSES />
      <JAVADOC />
      <SOURCES />
    </library>
    <library name="@types/mongodb" type="javaScript">
      <CLASSES />
      <JAVADOC />
      <SOURCES />
    </library>
    <library name="@types/node" type="javaScript">
      <CLASSES />
      <JAVADOC />
      <SOURCES />
    </library>
    <library name="@types/react" type="javaScript">
      <CLASSES />
      <JAVADOC />
      <SOURCES />
    </library>
    <library name="@types/react-addons-create-fragment" type="javaScript">
      <CLASSES />
      <JAVADOC />
      <SOURCES />
    </library>
    <library name="@types/react-dom" type="javaScript">
      <CLASSES />
      <JAVADOC />
      <SOURCES />
    </library>
    <library name="@types/underscore" type="javaScript">
      <CLASSES />
      <JAVADOC />
      <SOURCES />
    </library>
  </component>
</application>