<application>
  <component name="ProjectManager">
    <defaultProject>
      <component name="JavaDocConfiguration">
        <GENERAL>
          <MODE>UPDATE</MODE>
          <OVERRIDDEN_METHODS>false</OVERRIDDEN_METHODS>
          <SPLITTED_CLASS_NAME>true</SPLITTED_CLASS_NAME>
          <LEVELS>
            <LEVEL>METHOD</LEVEL>
            <LEVEL>TYPE</LEVEL>
            <LEVEL>FIELD</LEVEL>
          </LEVELS>
          <VISIBILITIES>
            <VISIBILITY>PROTECTED</VISIBILITY>
            <VISIBILITY>PUBLIC</VISIBILITY>
            <VISIBILITY>DEFAULT</VISIBILITY>
          </VISIBILITIES>
        </GENERAL>
        <TEMPLATES>
          <CLASSES>
            <CLASS>
              <KEY>^.*(public|protected|private)*.+interface\s+\w+.*</KEY>
              <VALUE>/**\n
 * The interface ${name}.\n
&lt;#if element.typeParameters?has_content&gt;        * \n
&lt;/#if&gt;
&lt;#list element.typeParameters as typeParameter&gt;
        * @param &lt;${typeParameter.name}&gt; the type parameter\n
&lt;/#list&gt;
 */</VALUE>
            </CLASS>
            <CLASS>
              <KEY>^.*(public|protected|private)*.+enum\s+\w+.*</KEY>
              <VALUE>/**\n
 * The enum ${name}.\n
 */</VALUE>
            </CLASS>
            <CLASS>
              <KEY>^.*(public|protected|private)*.+class\s+\w+.*</KEY>
              <VALUE>/**\n
 * The type ${name}.\n
&lt;#if element.typeParameters?has_content&gt;        * \n
&lt;/#if&gt;
&lt;#list element.typeParameters as typeParameter&gt;
        * @param &lt;${typeParameter.name}&gt; the type parameter\n
&lt;/#list&gt;
 */</VALUE>
            </CLASS>
            <CLASS>
              <KEY>.+</KEY>
              <VALUE>/**\n
 * The type ${name}.\n
 */</VALUE>
            </CLASS>
          </CLASSES>
          <CONSTRUCTORS>
            <CONSTRUCTOR>
              <KEY>.+</KEY>
              <VALUE>/**\n
 * Instantiates a new ${name}.\n
&lt;#if element.parameterList.parameters?has_content&gt;
         *\n
&lt;/#if&gt;
&lt;#list element.parameterList.parameters as parameter&gt;
         * @param ${parameter.name} the ${paramNames[parameter.name]}\n
&lt;/#list&gt;
&lt;#if element.throwsList.referenceElements?has_content&gt;
         *\n
&lt;/#if&gt;
&lt;#list element.throwsList.referenceElements as exception&gt;
         * @throws ${exception.referenceName} the ${exceptionNames[exception.referenceName]}\n
&lt;/#list&gt;
 */</VALUE>
            </CONSTRUCTOR>
          </CONSTRUCTORS>
          <METHODS>
            <METHOD>
              <KEY>^.*(public|protected|private)*\s*.*(\w(\s*&lt;.+&gt;)*)+\s+get\w+\s*\(.*\).+</KEY>
              <VALUE>/**\n
 * Gets ${partName}.\n
&lt;#if element.typeParameters?has_content&gt;         * \n
&lt;/#if&gt;
&lt;#list element.typeParameters as typeParameter&gt;
         * @param &lt;${typeParameter.name}&gt; the type parameter\n
&lt;/#list&gt;
&lt;#if element.parameterList.parameters?has_content&gt;
         *\n
&lt;/#if&gt;
&lt;#list element.parameterList.parameters as parameter&gt;
         * @param ${parameter.name} the ${paramNames[parameter.name]}\n
&lt;/#list&gt;
&lt;#if isNotVoid&gt;
         *\n
         * @return the ${partName}\n
&lt;/#if&gt;
&lt;#if element.throwsList.referenceElements?has_content&gt;
         *\n
&lt;/#if&gt;
&lt;#list element.throwsList.referenceElements as exception&gt;
         * @throws ${exception.referenceName} the ${exceptionNames[exception.referenceName]}\n
&lt;/#list&gt;
 */</VALUE>
            </METHOD>
            <METHOD>
              <KEY>^.*(public|protected|private)*\s*.*(void|\w(\s*&lt;.+&gt;)*)+\s+set\w+\s*\(.*\).+</KEY>
              <VALUE>/**\n
 * Sets ${partName}.\n
&lt;#if element.typeParameters?has_content&gt;         * \n
&lt;/#if&gt;
&lt;#list element.typeParameters as typeParameter&gt;
         * @param &lt;${typeParameter.name}&gt; the type parameter\n
&lt;/#list&gt;
&lt;#if element.parameterList.parameters?has_content&gt;
         *\n
&lt;/#if&gt;
&lt;#list element.parameterList.parameters as parameter&gt;
         * @param ${parameter.name} the ${paramNames[parameter.name]}\n
&lt;/#list&gt;
&lt;#if isNotVoid&gt;
         *\n
         * @return the ${partName}\n
&lt;/#if&gt;
&lt;#if element.throwsList.referenceElements?has_content&gt;
         *\n
&lt;/#if&gt;
&lt;#list element.throwsList.referenceElements as exception&gt;
         * @throws ${exception.referenceName} the ${exceptionNames[exception.referenceName]}\n
&lt;/#list&gt;
 */</VALUE>
            </METHOD>
            <METHOD>
              <KEY>^.*((public\s+static)|(static\s+public))\s+void\s+main\s*\(\s*String\s*(\[\s*\]|\.\.\.)\s+\w+\s*\).+</KEY>
              <VALUE>/**\n
 * The entry point of application.\n

     &lt;#if element.parameterList.parameters?has_content&gt;
         *\n
&lt;/#if&gt;
     * @param ${element.parameterList.parameters[0].name} the input arguments\n
&lt;#if element.throwsList.referenceElements?has_content&gt;
         *\n
&lt;/#if&gt;
&lt;#list element.throwsList.referenceElements as exception&gt;
         * @throws ${exception.referenceName} the ${exceptionNames[exception.referenceName]}\n
&lt;/#list&gt;
 */</VALUE>
            </METHOD>
            <METHOD>
              <KEY>.+</KEY>
              <VALUE>/**\n
 * ${name}&lt;#if isNotVoid&gt; ${return}&lt;/#if&gt;.\n
&lt;#if element.typeParameters?has_content&gt;         * \n
&lt;/#if&gt;
&lt;#list element.typeParameters as typeParameter&gt;
         * @param &lt;${typeParameter.name}&gt; the type parameter\n
&lt;/#list&gt;
&lt;#if element.parameterList.parameters?has_content&gt;
         *\n
&lt;/#if&gt;
&lt;#list element.parameterList.parameters as parameter&gt;
         * @param ${parameter.name} the ${paramNames[parameter.name]}\n
&lt;/#list&gt;
&lt;#if isNotVoid&gt;
         *\n
         * @return the ${return}\n
&lt;/#if&gt;
&lt;#if element.throwsList.referenceElements?has_content&gt;
         *\n
&lt;/#if&gt;
&lt;#list element.throwsList.referenceElements as exception&gt;
         * @throws ${exception.referenceName} the ${exceptionNames[exception.referenceName]}\n
&lt;/#list&gt;
 */</VALUE>
            </METHOD>
          </METHODS>
          <FIELDS>
            <FIELD>
              <KEY>^.*(public|protected|private)*.+static.*(\w\s\w)+.+</KEY>
              <VALUE>/**\n
 * The constant ${element.getName()}.\n
 */</VALUE>
            </FIELD>
            <FIELD>
              <KEY>^.*(public|protected|private)*.*(\w\s\w)+.+</KEY>
              <VALUE>/**\n
    &lt;#if element.parent.isInterface()&gt;
        * The constant ${element.getName()}.\n
&lt;#else&gt;
        * The ${name}.\n
&lt;/#if&gt; */</VALUE>
            </FIELD>
            <FIELD>
              <KEY>.+</KEY>
              <VALUE>/**\n
    &lt;#if element.parent.isEnum()&gt;
        *${name} ${typeName}.\n
&lt;#else&gt;
        * The ${name}.\n
&lt;/#if&gt;*/</VALUE>
            </FIELD>
          </FIELDS>
        </TEMPLATES>
      </component>
      <component name="JsFlowSettings">
        <service-enabled>true</service-enabled>
        <exe-path />
        <other-services-enabled>true</other-services-enabled>
        <auto-save>true</auto-save>
      </component>
      <component name="MarkdownProjectSettings">
        <PreviewSettings splitEditorLayout="SPLIT" splitEditorPreview="PREVIEW" useGrayscaleRendering="false" zoomFactor="1.0" maxImageWidth="0" showGitHubPageIfSynced="false" allowBrowsingInPreview="false" synchronizePreviewPosition="true" highlightPreviewType="NONE" highlightFadeOut="5" highlightOnTyping="true" synchronizeSourcePosition="true" verticallyAlignSourceAndPreviewSyncPosition="true" showSearchHighlightsInPreview="false" showSelectionInPreview="true" openRemoteLinks="true">
          <PanelProvider>
            <provider providerId="com.vladsch.idea.multimarkdown.editor.swing.html.panel" providerName="Default - Swing" />
          </PanelProvider>
        </PreviewSettings>
        <ParserSettings gitHubSyntaxChange="false">
          <PegdownExtensions>
            <option name="ABBREVIATIONS" value="false" />
            <option name="ANCHORLINKS" value="true" />
            <option name="ASIDE" value="false" />
            <option name="ATXHEADERSPACE" value="true" />
            <option name="AUTOLINKS" value="true" />
            <option name="DEFINITIONS" value="false" />
            <option name="DEFINITION_BREAK_DOUBLE_BLANK_LINE" value="false" />
            <option name="FENCED_CODE_BLOCKS" value="true" />
            <option name="FOOTNOTES" value="false" />
            <option name="HARDWRAPS" value="false" />
            <option name="HTML_DEEP_PARSER" value="false" />
            <option name="INSERTED" value="false" />
            <option name="QUOTES" value="false" />
            <option name="RELAXEDHRULES" value="true" />
            <option name="SMARTS" value="false" />
            <option name="STRIKETHROUGH" value="true" />
            <option name="SUBSCRIPT" value="false" />
            <option name="SUPERSCRIPT" value="false" />
            <option name="SUPPRESS_HTML_BLOCKS" value="false" />
            <option name="SUPPRESS_INLINE_HTML" value="false" />
            <option name="TABLES" value="true" />
            <option name="TASKLISTITEMS" value="true" />
            <option name="TOC" value="false" />
            <option name="WIKILINKS" value="true" />
          </PegdownExtensions>
          <ParserOptions>
            <option name="COMMONMARK_LISTS" value="true" />
            <option name="DUMMY" value="false" />
            <option name="EMOJI_SHORTCUTS" value="true" />
            <option name="FLEXMARK_FRONT_MATTER" value="false" />
            <option name="GFM_LOOSE_BLANK_LINE_AFTER_ITEM_PARA" value="false" />
            <option name="GFM_TABLE_RENDERING" value="true" />
            <option name="GITBOOK_URL_ENCODING" value="false" />
            <option name="GITHUB_EMOJI_URL" value="false" />
            <option name="GITHUB_LISTS" value="false" />
            <option name="GITHUB_WIKI_LINKS" value="true" />
            <option name="JEKYLL_FRONT_MATTER" value="false" />
            <option name="SIM_TOC_BLANK_LINE_SPACER" value="true" />
          </ParserOptions>
        </ParserSettings>
        <HtmlSettings headerTopEnabled="false" headerBottomEnabled="false" bodyTopEnabled="false" bodyBottomEnabled="false" embedUrlContent="false" addPageHeader="true" embedImages="false" embedHttpImages="false">
          <GeneratorProvider>
            <provider providerId="com.vladsch.idea.multimarkdown.editor.swing.html.generator" providerName="Default Swing HTML Generator" />
          </GeneratorProvider>
          <headerTop />
          <headerBottom />
          <bodyTop />
          <bodyBottom />
        </HtmlSettings>
        <CssSettings previewScheme="UI_SCHEME" cssUri="" isCssUriEnabled="false" isCssTextEnabled="false" isDynamicPageWidth="true">
          <StylesheetProvider>
            <provider providerId="com.vladsch.idea.multimarkdown.editor.swing.html.css" providerName="Default Swing Stylesheet" />
          </StylesheetProvider>
          <ScriptProviders />
          <cssText />
        </CssSettings>
        <HtmlExportSettings updateOnSave="false" parentDir="$ProjectFileDir$" targetDir="$ProjectFileDir$" cssDir="" scriptDir="" plainHtml="false" imageDir="" copyLinkedImages="false" imageUniquifyType="0" targetExt="" useTargetExt="false" noCssNoScripts="false" linkToExportedHtml="true" exportOnSettingsChange="true" regenerateOnProjectOpen="false" linkFormatType="HTTP_ABSOLUTE" />
        <LinkMapSettings>
          <textMaps />
        </LinkMapSettings>
      </component>
      <component name="ProjectViewState">
        <option name="abbreviatePackageNames" value="true" />
        <option name="autoscrollFromSource" value="true" />
        <option name="compactDirectories" value="true" />
        <option name="flattenModules" value="true" />
        <option name="hideEmptyMiddlePackages" value="true" />
        <option name="showExcludedFiles" value="false" />
        <option name="showModules" value="false" />
      </component>
      <component name="PropertiesComponent">
        <property name="android.sdk.path" value="$USER_HOME$/Library/Android/sdk" />
        <property name="nodejs_interpreter_path.stuck_in_default_project" value="undefined stuck path" />
        <property name="nodejs_npm_path_reset_for_default_project" value="true" />
        <property name="project.structure.last.edited" value="Project" />
        <property name="project.structure.proportion" value="0.0" />
        <property name="project.structure.side.proportion" value="0.3480663" />
        <property name="settings.editor.selected.configurable" value="preferences.pluginManager" />
      </component>
      <component name="VcsContentAnnotationSettings">
        <option name="myLimit" value="2678400000" />
      </component>
      <component name="masterDetails">
        <states>
          <state key="GlobalLibrariesConfigurable.UI">
            <settings>
              <last-edited>@types/babel-core</last-edited>
              <splitter-proportions>
                <option name="proportions">
                  <list>
                    <option value="0.3480663" />
                  </list>
                </option>
              </splitter-proportions>
            </settings>
          </state>
          <state key="JdkListConfigurable.UI">
            <settings>
              <last-edited>1.7</last-edited>
              <splitter-proportions>
                <option name="proportions">
                  <list>
                    <option value="0.3480663" />
                  </list>
                </option>
              </splitter-proportions>
            </settings>
          </state>
          <state key="ProjectJDKs.UI">
            <settings>
              <last-edited>1.8</last-edited>
              <splitter-proportions>
                <option name="proportions">
                  <list>
                    <option value="0.2" />
                  </list>
                </option>
              </splitter-proportions>
            </settings>
          </state>
          <state key="ProjectLibrariesConfigurable.UI">
            <settings>
              <splitter-proportions>
                <option name="proportions">
                  <list>
                    <option value="0.3480663" />
                  </list>
                </option>
              </splitter-proportions>
            </settings>
          </state>
          <state key="ScopeChooserConfigurable.UI">
            <settings>
              <splitter-proportions>
                <option name="proportions">
                  <list>
                    <option value="0.2" />
                  </list>
                </option>
              </splitter-proportions>
            </settings>
          </state>
        </states>
      </component>
    </defaultProject>
  </component>
</application>