<application>
  <component name="InlayHintsSettings">
    <option name="lastViewedProviderKeyId" value="parameter.hints.old" />
    <settingsMapElement>
      <JAVA.JavaLens>
        <JavaLensSettings>
          <option name="showImplementations" value="true" />
          <option name="showUsages" value="true" />
        </JavaLensSettings>
      </JAVA.JavaLens>
      <JavaScript.js.type.hints>
        <Settings>
          <option name="showForFunctions" value="true" />
          <option name="showForShorthandFunctions" value="true" />
        </Settings>
      </JavaScript.js.type.hints>
    </settingsMapElement>
  </component>
</application>