<application>
  <component name="DependencyUISettings">
    <option name="UI_FLATTEN_PACKAGES" value="false" />
    <option name="UI_GROUP_BY_SCOPE_TYPE" value="false" />
    <option name="UI_COMPACT_EMPTY_MIDDLE_PACKAGES" value="false" />
    <option name="SCOPE_TYPE" value="file" />
  </component>
  <component name="UISettings">
    <option name="ACTIVATE_MRU_EDITOR_ON_CLOSE" value="true" />
    <option name="CONSOLE_COMMAND_HISTORY_LIMIT" value="1000" />
    <option name="DISABLE_MNEMONICS" value="false" />
    <option name="DND_WITH_PRESSED_ALT_ONLY" value="true" />
    <option name="EDITOR_TAB_LIMIT" value="1" />
    <option name="EDITOR_TAB_PLACEMENT" value="0" />
    <option name="HIDE_KNOWN_EXTENSION_IN_TABS" value="true" />
    <option name="HIDE_TABS_IF_NEED" value="false" />
    <option name="HIDE_TOOL_STRIPES" value="true" />
    <option name="IDE_AA_TYPE" value="Greyscale" />
    <option name="MARK_MODIFIED_TABS_WITH_ASTERISK" value="true" />
    <option name="MAX_LOOKUP_LIST_HEIGHT" value="28" />
    <option name="MAX_LOOKUP_WIDTH2" value="1170" />
    <option name="OVERRIDE_NONIDEA_LAF_FONTS" value="true" />
    <option name="PRESENTATION_MODE_FONT_SIZE" value="20" />
    <option name="showTreeIndentGuides" value="true" />
  </component>
</application>