<application>
  <component name="AndroidFoldingSettings">
    <option name="collapseAndroidStrings" value="false" />
    <option name="COLLAPSE_ANDROID_TEXT" value="false" />
  </component>
  <component name="CodeFoldingSettings">
    <option name="COLLAPSE_IMPORTS" value="false" />
    <option name="COLLAPSE_FILE_HEADER" value="false" />
    <option name="COLLAPSE_DOC_COMMENTS" value="true" />
    <option name="COLLAPSE_CUSTOM_FOLDING_REGIONS" value="true" />
  </component>
  <component name="CodeInsightSettings">
    <option name="SHOW_INFERRED_ANNOTATIONS_INLINE" value="true" />
    <option name="SHOW_PARAMETER_NAME_HINTS_ON_COMPLETION" value="true" />
    <option name="PARAMETER_INFO_DELAY" value="500" />
    <option name="AUTO_POPUP_JAVADOC_INFO" value="true" />
    <option name="JAVADOC_INFO_DELAY" value="2000" />
    <option name="COMPLETION_CASE_SENSITIVE" value="2" />
    <option name="AUTOCOMPLETE_ON_CODE_COMPLETION" value="false" />
    <option name="SHOW_FULL_SIGNATURES_IN_PARAMETER_INFO" value="true" />
    <option name="SMART_END_ACTION" value="false" />
    <option name="REFORMAT_BLOCK_ON_RBRACE" value="false" />
    <option name="REFORMAT_ON_PASTE" value="1" />
    <option name="HIGHLIGHT_SCOPE" value="true" />
    <option name="ADD_UNAMBIGIOUS_IMPORTS_ON_THE_FLY" value="true" />
  </component>
  <component name="DaemonCodeAnalyzerSettings" profile="Meteor">
    <option name="ERROR_STRIPE_MARK_MIN_HEIGHT" value="4" />
    <option name="SHOW_METHOD_SEPARATORS" value="true" />
  </component>
  <component name="DefaultFont">
    <option name="FONT_SIZE" value="14" />
  </component>
  <component name="EditorSettings">
    <option name="languageBreadcrumbsMap">
      <map>
        <entry key="CFML" value="true" />
        <entry key="CSS" value="true" />
        <entry key="FTL" value="true" />
        <entry key="Groovy" value="true" />
        <entry key="HTML" value="true" />
        <entry key="Haml" value="true" />
        <entry key="JAVA" value="true" />
        <entry key="JSON" value="true" />
        <entry key="JSP" value="true" />
        <entry key="JSPX" value="true" />
        <entry key="JSX Harmony" value="true" />
        <entry key="JavaScript" value="true" />
        <entry key="LESS" value="true" />
        <entry key="SASS" value="true" />
        <entry key="SCSS" value="true" />
        <entry key="Stylus" value="true" />
        <entry key="TypeScript" value="true" />
        <entry key="VTL" value="true" />
        <entry key="XHTML" value="true" />
        <entry key="XML" value="true" />
        <entry key="kotlin" value="true" />
        <entry key="yaml" value="true" />
      </map>
    </option>
    <option name="USE_SOFT_WRAPS" value="CONSOLE" />
    <option name="STRIP_TRAILING_SPACES" value="Whole" />
    <option name="TOOLTIPS_DELAY_MS" value="1500" />
    <option name="CARET_BLINKING_PERIOD" value="150" />
    <option name="SHOW_BREADCRUMBS_ABOVE" value="true" />
    <option name="IS_DND_ENABLED" value="false" />
  </component>
  <component name="InspectionProfileManager">
    <info color="be9117">
      <option name="BACKGROUND" value="52503a" />
      <option name="ERROR_STRIPE_COLOR" value="be9117" />
      <option name="EFFECT_TYPE" value="2" />
      <option name="myName" value="UNUSED ENTRY" />
      <option name="myVal" value="50" />
      <option name="myExternalName" value="UNUSED ENTRY" />
    </info>
  </component>
  <component name="JSEditorOptions">
    <option name="START_STRING_INTERPOLATION_ON_TYPING" value="true" />
    <option name="ESCAPE_PASTED_TEXT" value="false" />
  </component>
  <component name="JavaCodeFoldingSettings">
    <option name="collapseAnnotations" value="true" />
    <option name="collapseConstructorGenericParameters" value="false" />
    <option name="collapseEndOfLineComments" value="true" />
    <option name="collapseI18nMessages" value="false" />
    <option name="collapseLambdas" value="false" />
    <option name="collapseOneLineMethods" value="false" />
    <option name="collapseSuppressWarnings" value="false" />
  </component>
  <component name="LiveEditOptions" chromeUpdateJSOnChanges="true" updateFilesToCompile="true" useJBChromeExtension="true" />
  <component name="TodoConfiguration">
    <pattern case-sensitive="true" pattern="\btodo\b.*" />
    <pattern case-sensitive="true" pattern="\bfixme\b.*" />
    <pattern case-sensitive="true" pattern="\bREMOVE\b.*" />
    <pattern case-sensitive="true" pattern="\bNOTE\b.*" />
  </component>
  <component name="XmlEditorOptions">
    <option name="showCssInlineColorPreview" value="true" />
    <option name="tagTreeHighlightingLevelCount" value="3" />
    <option name="tagTreeHighlightingOpacity" value="20" />
  </component>
  <component name="XmlFoldingSettings">
    <option name="COLLAPSE_ENTITIES" value="false" />
    <option name="COLLAPSE_DATA_URI" value="false" />
  </component>
</application>