<application>
  <component name="PostfixTemplates">
    <template id="com.intellij.lang.javascript.template.postfix.JSLogPostfixTemplate#.log" key=".log" provider="builtin.js" builtin="com.intellij.lang.javascript.template.postfix.JSLogPostfixTemplate#.log" />
    <template id="surr@userDefined" key=".surr" provider="builtin.js" language-level="FLOW" topmost="false">
      <conditions />
      <template name="fakeKey" value="$END$($EXPR$)" toReformat="true" toShortenFQNames="true" />
    </template>
  </component>
  <component name="PostfixTemplatesSettings">
    <option name="providerToDisabledTemplates">
      <disabled-templates provider="builtin.java">
        <value>
          <set>
            <option value="arg" />
            <option value="assert" />
            <option value="com.intellij.codeInsight.template.postfix.templates.CastExpressionPostfixTemplate#.cast" />
            <option value="com.intellij.codeInsight.template.postfix.templates.CastVarPostfixTemplate#.castvar" />
            <option value="com.intellij.codeInsight.template.postfix.templates.ElseStatementPostfixTemplate#.else" />
            <option value="com.intellij.codeInsight.template.postfix.templates.IfStatementPostfixTemplate#.if" />
            <option value="com.intellij.codeInsight.template.postfix.templates.InstanceofExpressionPostfixTemplate#.inst" />
            <option value="com.intellij.codeInsight.template.postfix.templates.InstanceofExpressionPostfixTemplate#.instanceof" />
            <option value="com.intellij.codeInsight.template.postfix.templates.IntroduceFieldPostfixTemplate#.field" />
            <option value="com.intellij.codeInsight.template.postfix.templates.IntroduceVariablePostfixTemplate#.var" />
            <option value="com.intellij.codeInsight.template.postfix.templates.IsNullCheckPostfixTemplate#.null" />
            <option value="com.intellij.codeInsight.template.postfix.templates.NewExpressionPostfixTemplate#.new" />
            <option value="com.intellij.codeInsight.template.postfix.templates.NotExpressionPostfixTemplate#!" />
            <option value="com.intellij.codeInsight.template.postfix.templates.NotExpressionPostfixTemplate#.not" />
            <option value="com.intellij.codeInsight.template.postfix.templates.NotNullCheckPostfixTemplate#.nn" />
            <option value="com.intellij.codeInsight.template.postfix.templates.NotNullCheckPostfixTemplate#.notnull" />
            <option value="com.intellij.codeInsight.template.postfix.templates.ParenthesizedExpressionPostfixTemplate#.par" />
            <option value="com.intellij.codeInsight.template.postfix.templates.StreamPostfixTemplate#.stream" />
            <option value="com.intellij.codeInsight.template.postfix.templates.SwitchStatementPostfixTemplate#.switch" />
            <option value="com.intellij.codeInsight.template.postfix.templates.TryStatementPostfixTemplate#.try" />
            <option value="com.intellij.codeInsight.template.postfix.templates.TryWithResourcesPostfixTemplate#.twr" />
            <option value="de.plushnikov.intellij.plugin.extension.postfix.LombokValPostfixTemplate#.val" />
            <option value="de.plushnikov.intellij.plugin.extension.postfix.LombokVarPostfixTemplate#.varl" />
            <option value="for" />
            <option value="fori" />
            <option value="format" />
            <option value="forr" />
            <option value="iter" />
            <option value="lambda" />
            <option value="opt" />
            <option value="reqnonnull" />
            <option value="return" />
            <option value="serr" />
            <option value="souf" />
            <option value="sout" />
            <option value="soutv" />
            <option value="synchronized" />
            <option value="throw" />
            <option value="while" />
          </set>
        </value>
      </disabled-templates>
      <disabled-templates provider="builtin.js">
        <value>
          <set>
            <option value="com.intellij.lang.javascript.template.postfix.JSAwaitPostfixTemplate#.await" />
            <option value="com.intellij.lang.javascript.template.postfix.JSElseStatementPostfixTemplate#.else" />
            <option value="com.intellij.lang.javascript.template.postfix.JSForInPostfixTemplate#.forin" />
            <option value="com.intellij.lang.javascript.template.postfix.JSForInPostfixTemplate#.itin" />
            <option value="com.intellij.lang.javascript.template.postfix.JSForOfPostfixTemplate#.forof" />
            <option value="com.intellij.lang.javascript.template.postfix.JSIfInstanceOfPostfixTemplate#.instanceof" />
            <option value="com.intellij.lang.javascript.template.postfix.JSIfStatementPostfixTemplate#.if" />
            <option value="com.intellij.lang.javascript.template.postfix.JSIfTypeOfPostfixTemplate#.typeofif" />
            <option value="com.intellij.lang.javascript.template.postfix.JSIntroduceConstPostfixTemplate#.const" />
            <option value="com.intellij.lang.javascript.template.postfix.JSIntroduceLetPostfixTemplate#.let" />
            <option value="com.intellij.lang.javascript.template.postfix.JSIntroduceVarPostfixTemplate#.var" />
            <option value="com.intellij.lang.javascript.template.postfix.JSLogPostfixTemplate#.log" />
            <option value="com.intellij.lang.javascript.template.postfix.JSNotExpressionPostfixTemplate#!" />
            <option value="com.intellij.lang.javascript.template.postfix.JSNotExpressionPostfixTemplate#.not" />
            <option value="com.intellij.lang.javascript.template.postfix.JSNotNullStatementPostfixTemplate#.notnull" />
            <option value="com.intellij.lang.javascript.template.postfix.JSNullStatementPostfixTemplate#.null" />
            <option value="com.intellij.lang.javascript.template.postfix.JSParenthesizedPostfixTemplate#.par" />
            <option value="com.intellij.lang.javascript.template.postfix.JSReturnStatementPostfixTemplate#.return" />
            <option value="com.intellij.lang.javascript.template.postfix.JSSwitchPostfixTemplate#.switch" />
            <option value="com.intellij.lang.javascript.template.postfix.JSThrowStatementPostfixTemplate#.throw" />
            <option value="com.intellij.lang.javascript.template.postfix.JSTypeOfExpressionPostfixTemplate#.typeof" />
            <option value="com.intellij.lang.javascript.template.postfix.JSUndefPostfixTemplate#.undef" />
          </set>
        </value>
      </disabled-templates>
      <disabled-templates provider="builtin.sql">
        <value>
          <set>
            <option value="com.intellij.sql.postfixTemplates.SqlAllAliasedFromPostfixTemplate#.afrom" />
            <option value="com.intellij.sql.postfixTemplates.SqlAllFromPostfixTemplate#.cfrom" />
            <option value="com.intellij.sql.postfixTemplates.SqlCastPostfixTemplate#.cast" />
            <option value="com.intellij.sql.postfixTemplates.SqlFromPostfixTemplate#.from" />
            <option value="com.intellij.sql.postfixTemplates.SqlJoinPostfixTemplate#.join" />
          </set>
        </value>
      </disabled-templates>
      <disabled-templates provider="builtin.ts">
        <value>
          <set>
            <option value="com.intellij.lang.typescript.template.postfix.TypeScriptCastPostfixTemplate#.cast" />
          </set>
        </value>
      </disabled-templates>
      <disabled-templates provider="de.endrullis.idea.postfixtemplates.languages.java.JavaPostfixTemplateProvider">
        <value>
          <set>
            <option value="de.endrullis.idea.postfixtemplates.languages.java.CustomJavaStringPostfixTemplate#.abbreviate" />
            <option value="de.endrullis.idea.postfixtemplates.languages.java.CustomJavaStringPostfixTemplate#.abbreviateMiddle" />
            <option value="de.endrullis.idea.postfixtemplates.languages.java.CustomJavaStringPostfixTemplate#.appendIfMissing" />
            <option value="de.endrullis.idea.postfixtemplates.languages.java.CustomJavaStringPostfixTemplate#.appendIfMissingIgnoreCase" />
            <option value="de.endrullis.idea.postfixtemplates.languages.java.CustomJavaStringPostfixTemplate#.center" />
            <option value="de.endrullis.idea.postfixtemplates.languages.java.CustomJavaStringPostfixTemplate#.chomp" />
            <option value="de.endrullis.idea.postfixtemplates.languages.java.CustomJavaStringPostfixTemplate#.chop" />
            <option value="de.endrullis.idea.postfixtemplates.languages.java.CustomJavaStringPostfixTemplate#.containsAny" />
            <option value="de.endrullis.idea.postfixtemplates.languages.java.CustomJavaStringPostfixTemplate#.containsNone" />
            <option value="de.endrullis.idea.postfixtemplates.languages.java.CustomJavaStringPostfixTemplate#.containsOnly" />
            <option value="de.endrullis.idea.postfixtemplates.languages.java.CustomJavaStringPostfixTemplate#.drop" />
            <option value="de.endrullis.idea.postfixtemplates.languages.java.CustomJavaStringPostfixTemplate#.elvis" />
            <option value="de.endrullis.idea.postfixtemplates.languages.java.CustomJavaStringPostfixTemplate#.get" />
            <option value="de.endrullis.idea.postfixtemplates.languages.java.CustomJavaStringPostfixTemplate#.getAttributes" />
            <option value="de.endrullis.idea.postfixtemplates.languages.java.CustomJavaStringPostfixTemplate#.getChildrenOfType" />
            <option value="de.endrullis.idea.postfixtemplates.languages.java.CustomJavaStringPostfixTemplate#.getModule" />
            <option value="de.endrullis.idea.postfixtemplates.languages.java.CustomJavaStringPostfixTemplate#.getOrElseUpdate" />
            <option value="de.endrullis.idea.postfixtemplates.languages.java.CustomJavaStringPostfixTemplate#.getProject" />
            <option value="de.endrullis.idea.postfixtemplates.languages.java.CustomJavaStringPostfixTemplate#.getPsiJavaFile" />
            <option value="de.endrullis.idea.postfixtemplates.languages.java.CustomJavaStringPostfixTemplate#.getVirtualFile" />
            <option value="de.endrullis.idea.postfixtemplates.languages.java.CustomJavaStringPostfixTemplate#.invokeLater" />
            <option value="de.endrullis.idea.postfixtemplates.languages.java.CustomJavaStringPostfixTemplate#.isAbstract" />
            <option value="de.endrullis.idea.postfixtemplates.languages.java.CustomJavaStringPostfixTemplate#.isAllLowerCase" />
            <option value="de.endrullis.idea.postfixtemplates.languages.java.CustomJavaStringPostfixTemplate#.isAllUpperCase" />
            <option value="de.endrullis.idea.postfixtemplates.languages.java.CustomJavaStringPostfixTemplate#.isAlpha" />
            <option value="de.endrullis.idea.postfixtemplates.languages.java.CustomJavaStringPostfixTemplate#.isAlphaSpace" />
            <option value="de.endrullis.idea.postfixtemplates.languages.java.CustomJavaStringPostfixTemplate#.isAlphanumeric" />
            <option value="de.endrullis.idea.postfixtemplates.languages.java.CustomJavaStringPostfixTemplate#.isAlphanumericSpace" />
            <option value="de.endrullis.idea.postfixtemplates.languages.java.CustomJavaStringPostfixTemplate#.isAnyBlank" />
            <option value="de.endrullis.idea.postfixtemplates.languages.java.CustomJavaStringPostfixTemplate#.isAnyEmpty" />
            <option value="de.endrullis.idea.postfixtemplates.languages.java.CustomJavaStringPostfixTemplate#.isAsciiPrintable" />
            <option value="de.endrullis.idea.postfixtemplates.languages.java.CustomJavaStringPostfixTemplate#.isBlank" />
            <option value="de.endrullis.idea.postfixtemplates.languages.java.CustomJavaStringPostfixTemplate#.isEmptyNullSafe" />
            <option value="de.endrullis.idea.postfixtemplates.languages.java.CustomJavaStringPostfixTemplate#.isInterface" />
            <option value="de.endrullis.idea.postfixtemplates.languages.java.CustomJavaStringPostfixTemplate#.isNative" />
            <option value="de.endrullis.idea.postfixtemplates.languages.java.CustomJavaStringPostfixTemplate#.isNoneBlank" />
            <option value="de.endrullis.idea.postfixtemplates.languages.java.CustomJavaStringPostfixTemplate#.isNoneEmpty" />
            <option value="de.endrullis.idea.postfixtemplates.languages.java.CustomJavaStringPostfixTemplate#.isNotBlank" />
            <option value="de.endrullis.idea.postfixtemplates.languages.java.CustomJavaStringPostfixTemplate#.isNotEmpty" />
            <option value="de.endrullis.idea.postfixtemplates.languages.java.CustomJavaStringPostfixTemplate#.isNumeric" />
            <option value="de.endrullis.idea.postfixtemplates.languages.java.CustomJavaStringPostfixTemplate#.isNumericSpace" />
            <option value="de.endrullis.idea.postfixtemplates.languages.java.CustomJavaStringPostfixTemplate#.isStrict" />
            <option value="de.endrullis.idea.postfixtemplates.languages.java.CustomJavaStringPostfixTemplate#.isSynchronized" />
            <option value="de.endrullis.idea.postfixtemplates.languages.java.CustomJavaStringPostfixTemplate#.isWhitespace" />
            <option value="de.endrullis.idea.postfixtemplates.languages.java.CustomJavaStringPostfixTemplate#.ls" />
            <option value="de.endrullis.idea.postfixtemplates.languages.java.CustomJavaStringPostfixTemplate#.mapKeys" />
            <option value="de.endrullis.idea.postfixtemplates.languages.java.CustomJavaStringPostfixTemplate#.mapValues" />
            <option value="de.endrullis.idea.postfixtemplates.languages.java.CustomJavaStringPostfixTemplate#.new" />
            <option value="de.endrullis.idea.postfixtemplates.languages.java.CustomJavaStringPostfixTemplate#.openInEditor" />
            <option value="de.endrullis.idea.postfixtemplates.languages.java.CustomJavaStringPostfixTemplate#.orElse" />
            <option value="de.endrullis.idea.postfixtemplates.languages.java.CustomJavaStringPostfixTemplate#.orElseGet" />
            <option value="de.endrullis.idea.postfixtemplates.languages.java.CustomJavaStringPostfixTemplate#.outputStream" />
            <option value="de.endrullis.idea.postfixtemplates.languages.java.CustomJavaStringPostfixTemplate#.prependIfMissing" />
            <option value="de.endrullis.idea.postfixtemplates.languages.java.CustomJavaStringPostfixTemplate#.prependIfMissingIgnoreCase" />
            <option value="de.endrullis.idea.postfixtemplates.languages.java.CustomJavaStringPostfixTemplate#.r" />
            <option value="de.endrullis.idea.postfixtemplates.languages.java.CustomJavaStringPostfixTemplate#.regEx" />
            <option value="de.endrullis.idea.postfixtemplates.languages.java.CustomJavaStringPostfixTemplate#.remove" />
            <option value="de.endrullis.idea.postfixtemplates.languages.java.CustomJavaStringPostfixTemplate#.removeEnd" />
            <option value="de.endrullis.idea.postfixtemplates.languages.java.CustomJavaStringPostfixTemplate#.removeEndIgnoreCase" />
            <option value="de.endrullis.idea.postfixtemplates.languages.java.CustomJavaStringPostfixTemplate#.removeStart" />
            <option value="de.endrullis.idea.postfixtemplates.languages.java.CustomJavaStringPostfixTemplate#.removeStartIgnoreCase" />
            <option value="de.endrullis.idea.postfixtemplates.languages.java.CustomJavaStringPostfixTemplate#.run" />
            <option value="de.endrullis.idea.postfixtemplates.languages.java.CustomJavaStringPostfixTemplate#.runReadAction" />
            <option value="de.endrullis.idea.postfixtemplates.languages.java.CustomJavaStringPostfixTemplate#.runWriteAction" />
            <option value="de.endrullis.idea.postfixtemplates.languages.java.CustomJavaStringPostfixTemplate#.showDiff" />
            <option value="de.endrullis.idea.postfixtemplates.languages.java.CustomJavaStringPostfixTemplate#.size" />
            <option value="de.endrullis.idea.postfixtemplates.languages.java.CustomJavaStringPostfixTemplate#.stream" />
            <option value="de.endrullis.idea.postfixtemplates.languages.java.CustomJavaStringPostfixTemplate#.stringAfter" />
            <option value="de.endrullis.idea.postfixtemplates.languages.java.CustomJavaStringPostfixTemplate#.stringAfterLast" />
            <option value="de.endrullis.idea.postfixtemplates.languages.java.CustomJavaStringPostfixTemplate#.stringBefore" />
            <option value="de.endrullis.idea.postfixtemplates.languages.java.CustomJavaStringPostfixTemplate#.stringBeforeLast" />
            <option value="de.endrullis.idea.postfixtemplates.languages.java.CustomJavaStringPostfixTemplate#.stringBetween" />
            <option value="de.endrullis.idea.postfixtemplates.languages.java.CustomJavaStringPostfixTemplate#.stringsBetween" />
            <option value="de.endrullis.idea.postfixtemplates.languages.java.CustomJavaStringPostfixTemplate#.strip" />
            <option value="de.endrullis.idea.postfixtemplates.languages.java.CustomJavaStringPostfixTemplate#.substringAfter" />
            <option value="de.endrullis.idea.postfixtemplates.languages.java.CustomJavaStringPostfixTemplate#.substringAfterLast" />
            <option value="de.endrullis.idea.postfixtemplates.languages.java.CustomJavaStringPostfixTemplate#.substringBefore" />
            <option value="de.endrullis.idea.postfixtemplates.languages.java.CustomJavaStringPostfixTemplate#.substringBeforeLast" />
            <option value="de.endrullis.idea.postfixtemplates.languages.java.CustomJavaStringPostfixTemplate#.substringBetween" />
            <option value="de.endrullis.idea.postfixtemplates.languages.java.CustomJavaStringPostfixTemplate#.substringsBetween" />
            <option value="de.endrullis.idea.postfixtemplates.languages.java.CustomJavaStringPostfixTemplate#.take" />
            <option value="de.endrullis.idea.postfixtemplates.languages.java.CustomJavaStringPostfixTemplate#.toArray" />
            <option value="de.endrullis.idea.postfixtemplates.languages.java.CustomJavaStringPostfixTemplate#.toBoolean" />
            <option value="de.endrullis.idea.postfixtemplates.languages.java.CustomJavaStringPostfixTemplate#.toOptional" />
            <option value="de.endrullis.idea.postfixtemplates.languages.java.CustomJavaStringPostfixTemplate#.toURL" />
            <option value="de.endrullis.idea.postfixtemplates.languages.java.CustomJavaStringPostfixTemplate#.toVirtualFile" />
            <option value="de.endrullis.idea.postfixtemplates.templates.CombinedPostfixTemplate#apply" />
            <option value="de.endrullis.idea.postfixtemplates.templates.CombinedPostfixTemplate#bufferedReader" />
            <option value="de.endrullis.idea.postfixtemplates.templates.CombinedPostfixTemplate#bufferedWriter" />
            <option value="de.endrullis.idea.postfixtemplates.templates.CombinedPostfixTemplate#capitalize" />
            <option value="de.endrullis.idea.postfixtemplates.templates.CombinedPostfixTemplate#concat" />
            <option value="de.endrullis.idea.postfixtemplates.templates.CombinedPostfixTemplate#content" />
            <option value="de.endrullis.idea.postfixtemplates.templates.CombinedPostfixTemplate#exists" />
            <option value="de.endrullis.idea.postfixtemplates.templates.CombinedPostfixTemplate#filter" />
            <option value="de.endrullis.idea.postfixtemplates.templates.CombinedPostfixTemplate#find" />
            <option value="de.endrullis.idea.postfixtemplates.templates.CombinedPostfixTemplate#first" />
            <option value="de.endrullis.idea.postfixtemplates.templates.CombinedPostfixTemplate#flatMap" />
            <option value="de.endrullis.idea.postfixtemplates.templates.CombinedPostfixTemplate#fold" />
            <option value="de.endrullis.idea.postfixtemplates.templates.CombinedPostfixTemplate#for" />
            <option value="de.endrullis.idea.postfixtemplates.templates.CombinedPostfixTemplate#forEach" />
            <option value="de.endrullis.idea.postfixtemplates.templates.CombinedPostfixTemplate#forall" />
            <option value="de.endrullis.idea.postfixtemplates.templates.CombinedPostfixTemplate#format" />
            <option value="de.endrullis.idea.postfixtemplates.templates.CombinedPostfixTemplate#getDocument" />
            <option value="de.endrullis.idea.postfixtemplates.templates.CombinedPostfixTemplate#getLog" />
            <option value="de.endrullis.idea.postfixtemplates.templates.CombinedPostfixTemplate#getPsiFile" />
            <option value="de.endrullis.idea.postfixtemplates.templates.CombinedPostfixTemplate#getPsiPackage" />
            <option value="de.endrullis.idea.postfixtemplates.templates.CombinedPostfixTemplate#groupBy" />
            <option value="de.endrullis.idea.postfixtemplates.templates.CombinedPostfixTemplate#head" />
            <option value="de.endrullis.idea.postfixtemplates.templates.CombinedPostfixTemplate#inputStream" />
            <option value="de.endrullis.idea.postfixtemplates.templates.CombinedPostfixTemplate#isFinal" />
            <option value="de.endrullis.idea.postfixtemplates.templates.CombinedPostfixTemplate#isPrivate" />
            <option value="de.endrullis.idea.postfixtemplates.templates.CombinedPostfixTemplate#isProtected" />
            <option value="de.endrullis.idea.postfixtemplates.templates.CombinedPostfixTemplate#isPublic" />
            <option value="de.endrullis.idea.postfixtemplates.templates.CombinedPostfixTemplate#isStatic" />
            <option value="de.endrullis.idea.postfixtemplates.templates.CombinedPostfixTemplate#isTransient" />
            <option value="de.endrullis.idea.postfixtemplates.templates.CombinedPostfixTemplate#isVolatile" />
            <option value="de.endrullis.idea.postfixtemplates.templates.CombinedPostfixTemplate#iter" />
            <option value="de.endrullis.idea.postfixtemplates.templates.CombinedPostfixTemplate#join" />
            <option value="de.endrullis.idea.postfixtemplates.templates.CombinedPostfixTemplate#last" />
            <option value="de.endrullis.idea.postfixtemplates.templates.CombinedPostfixTemplate#lines" />
            <option value="de.endrullis.idea.postfixtemplates.templates.CombinedPostfixTemplate#logDebug" />
            <option value="de.endrullis.idea.postfixtemplates.templates.CombinedPostfixTemplate#logError" />
            <option value="de.endrullis.idea.postfixtemplates.templates.CombinedPostfixTemplate#logFatal" />
            <option value="de.endrullis.idea.postfixtemplates.templates.CombinedPostfixTemplate#logInfo" />
            <option value="de.endrullis.idea.postfixtemplates.templates.CombinedPostfixTemplate#logTrace" />
            <option value="de.endrullis.idea.postfixtemplates.templates.CombinedPostfixTemplate#logWarn" />
            <option value="de.endrullis.idea.postfixtemplates.templates.CombinedPostfixTemplate#lts" />
            <option value="de.endrullis.idea.postfixtemplates.templates.CombinedPostfixTemplate#map" />
            <option value="de.endrullis.idea.postfixtemplates.templates.CombinedPostfixTemplate#maxBy" />
            <option value="de.endrullis.idea.postfixtemplates.templates.CombinedPostfixTemplate#minBy" />
            <option value="de.endrullis.idea.postfixtemplates.templates.CombinedPostfixTemplate#mkString" />
            <option value="de.endrullis.idea.postfixtemplates.templates.CombinedPostfixTemplate#printStream" />
            <option value="de.endrullis.idea.postfixtemplates.templates.CombinedPostfixTemplate#reduce" />
            <option value="de.endrullis.idea.postfixtemplates.templates.CombinedPostfixTemplate#reverse" />
            <option value="de.endrullis.idea.postfixtemplates.templates.CombinedPostfixTemplate#sort" />
            <option value="de.endrullis.idea.postfixtemplates.templates.CombinedPostfixTemplate#sortBy" />
            <option value="de.endrullis.idea.postfixtemplates.templates.CombinedPostfixTemplate#soutv" />
            <option value="de.endrullis.idea.postfixtemplates.templates.CombinedPostfixTemplate#toByte" />
            <option value="de.endrullis.idea.postfixtemplates.templates.CombinedPostfixTemplate#toChar" />
            <option value="de.endrullis.idea.postfixtemplates.templates.CombinedPostfixTemplate#toDouble" />
            <option value="de.endrullis.idea.postfixtemplates.templates.CombinedPostfixTemplate#toFile" />
            <option value="de.endrullis.idea.postfixtemplates.templates.CombinedPostfixTemplate#toFloat" />
            <option value="de.endrullis.idea.postfixtemplates.templates.CombinedPostfixTemplate#toInt" />
            <option value="de.endrullis.idea.postfixtemplates.templates.CombinedPostfixTemplate#toList" />
            <option value="de.endrullis.idea.postfixtemplates.templates.CombinedPostfixTemplate#toLong" />
            <option value="de.endrullis.idea.postfixtemplates.templates.CombinedPostfixTemplate#toMap" />
            <option value="de.endrullis.idea.postfixtemplates.templates.CombinedPostfixTemplate#toSet" />
            <option value="de.endrullis.idea.postfixtemplates.templates.CombinedPostfixTemplate#toShort" />
            <option value="de.endrullis.idea.postfixtemplates.templates.CombinedPostfixTemplate#uncapitalize" />
            <option value="de.endrullis.idea.postfixtemplates.templates.CombinedPostfixTemplate#val" />
          </set>
        </value>
      </disabled-templates>
    </option>
  </component>
</application>