<profile version="1.0">
  <option name="myName" value="Default" />
  <inspection_tool class="AmdModulesDependencies" enabled="false" level="WEAK WARNING" enabled_by_default="false">
    <scope name="Inspections" level="WEAK WARNING" enabled="false" />
  </inspection_tool>
  <inspection_tool class="Annotator" enabled="false" level="ERROR" enabled_by_default="false">
    <scope name="Inspections" level="ERROR" enabled="false" />
  </inspection_tool>
  <inspection_tool class="AnonymousFunctionJS" enabled="false" level="WARNING" enabled_by_default="false">
    <scope name="Inspections" level="WARNING" enabled="false" />
  </inspection_tool>
  <inspection_tool class="AssignmentResultUsedJS" enabled="true" level="WARNING" enabled_by_default="false">
    <scope name="Inspections" level="WARNING" enabled="true" />
  </inspection_tool>
  <inspection_tool class="AssignmentToForLoopParameterJS" enabled="true" level="WARNING" enabled_by_default="false">
    <scope name="Inspections" level="WARNING" enabled="true" />
  </inspection_tool>
  <inspection_tool class="AssignmentToFunctionParameterJS" enabled="true" level="WARNING" enabled_by_default="false">
    <scope name="Inspections" level="WARNING" enabled="true" />
  </inspection_tool>
  <inspection_tool class="BadExpressionStatementJS" enabled="true" level="WARNING" enabled_by_default="false">
    <scope name="Inspections" level="WARNING" enabled="true" />
  </inspection_tool>
  <inspection_tool class="BlockStatementJS" enabled="true" level="WARNING" enabled_by_default="false">
    <scope name="Inspections" level="WARNING" enabled="true" />
  </inspection_tool>
  <inspection_tool class="BreakStatementJS" enabled="true" level="WARNING" enabled_by_default="false">
    <scope name="Inspections" level="WARNING" enabled="true" />
  </inspection_tool>
  <inspection_tool class="BreakStatementWithLabelJS" enabled="true" level="WARNING" enabled_by_default="false">
    <scope name="Inspections" level="WARNING" enabled="true" />
  </inspection_tool>
  <inspection_tool class="CallerJS" enabled="true" level="WARNING" enabled_by_default="false">
    <scope name="Inspections" level="WARNING" enabled="true" />
  </inspection_tool>
  <inspection_tool class="ChainedEqualityJS" enabled="true" level="WARNING" enabled_by_default="false">
    <scope name="Inspections" level="WARNING" enabled="true" />
  </inspection_tool>
  <inspection_tool class="ChainedFunctionCallJS" enabled="true" level="WARNING" enabled_by_default="false">
    <scope name="Inspections" level="WARNING" enabled="true" />
  </inspection_tool>
  <inspection_tool class="CheckDtdRefs" enabled="false" level="ERROR" enabled_by_default="false">
    <scope name="Inspections" level="ERROR" enabled="false" />
  </inspection_tool>
  <inspection_tool class="CheckEmptyScriptTag" enabled="false" level="WARNING" enabled_by_default="false">
    <scope name="Inspections" level="WARNING" enabled="false" />
  </inspection_tool>
  <inspection_tool class="CheckImageSize" enabled="false" level="WARNING" enabled_by_default="false">
    <scope name="Inspections" level="WARNING" enabled="false" />
  </inspection_tool>
  <inspection_tool class="CheckNodeTest" enabled="false" level="WARNING" enabled_by_default="false">
    <scope name="Inspections" level="WARNING" enabled="false" />
  </inspection_tool>
  <inspection_tool class="CheckTagEmptyBody" enabled="false" level="WARNING" enabled_by_default="false">
    <scope name="Inspections" level="WARNING" enabled="false" />
  </inspection_tool>
  <inspection_tool class="CheckValidXmlInScriptTagBody" enabled="false" level="ERROR" enabled_by_default="false">
    <scope name="Inspections" level="ERROR" enabled="false" />
  </inspection_tool>
  <inspection_tool class="CheckXmlFileWithXercesValidator" enabled="false" level="ERROR" enabled_by_default="false">
    <scope name="Inspections" level="ERROR" enabled="false" />
  </inspection_tool>
  <inspection_tool class="CommaExpressionJS" enabled="true" level="WARNING" enabled_by_default="false">
    <scope name="Inspections" level="WARNING" enabled="true" />
  </inspection_tool>
  <inspection_tool class="ConditionalExpressionJS" enabled="true" level="WARNING" enabled_by_default="false">
    <scope name="Inspections" level="WARNING" enabled="true" />
  </inspection_tool>
  <inspection_tool class="ConditionalExpressionWithIdenticalBranchesJS" enabled="true" level="WARNING" enabled_by_default="false">
    <scope name="Inspections" level="WARNING" enabled="true" />
  </inspection_tool>
  <inspection_tool class="ConfusingFloatingPointLiteralJS" enabled="true" level="WARNING" enabled_by_default="false">
    <scope name="Inspections" level="WARNING" enabled="true" />
  </inspection_tool>
  <inspection_tool class="ConfusingPlusesOrMinusesJS" enabled="true" level="WARNING" enabled_by_default="false">
    <scope name="Inspections" level="WARNING" enabled="true" />
  </inspection_tool>
  <inspection_tool class="ConstantConditionalExpressionJS" enabled="true" level="WARNING" enabled_by_default="false">
    <scope name="Inspections" level="WARNING" enabled="true" />
  </inspection_tool>
  <inspection_tool class="ConstantIfStatementJS" enabled="true" level="WARNING" enabled_by_default="false">
    <scope name="Inspections" level="WARNING" enabled="true" />
  </inspection_tool>
  <inspection_tool class="ConstantOnLHSOfComparisonJS" enabled="true" level="WARNING" enabled_by_default="false">
    <scope name="Inspections" level="WARNING" enabled="true" />
  </inspection_tool>
  <inspection_tool class="ConstantOnRHSOfComparisonJS" enabled="true" level="WARNING" enabled_by_default="false">
    <scope name="Inspections" level="WARNING" enabled="true" />
  </inspection_tool>
  <inspection_tool class="ContinueOrBreakFromFinallyBlockJS" enabled="true" level="WARNING" enabled_by_default="false">
    <scope name="Inspections" level="WARNING" enabled="true" />
  </inspection_tool>
  <inspection_tool class="ContinueStatementJS" enabled="true" level="WARNING" enabled_by_default="false">
    <scope name="Inspections" level="WARNING" enabled="true" />
  </inspection_tool>
  <inspection_tool class="ContinueStatementWithLabelJS" enabled="true" level="WARNING" enabled_by_default="false">
    <scope name="Inspections" level="WARNING" enabled="true" />
  </inspection_tool>
  <inspection_tool class="CssConvertColorToHexInspection" enabled="false" level="WARNING" enabled_by_default="false">
    <scope name="Inspections" level="WARNING" enabled="false" />
  </inspection_tool>
  <inspection_tool class="CssConvertColorToRgbInspection" enabled="false" level="WARNING" enabled_by_default="false">
    <scope name="Inspections" level="WARNING" enabled="false" />
  </inspection_tool>
  <inspection_tool class="CssFloatPxLength" enabled="false" level="WEAK WARNING" enabled_by_default="false">
    <scope name="Inspections" level="WEAK WARNING" enabled="false" />
  </inspection_tool>
  <inspection_tool class="CssInvalidAtRule" enabled="false" level="ERROR" enabled_by_default="false">
    <scope name="Inspections" level="ERROR" enabled="false" />
  </inspection_tool>
  <inspection_tool class="CssInvalidCharsetRule" enabled="false" level="WARNING" enabled_by_default="false">
    <scope name="Inspections" level="WARNING" enabled="false" />
  </inspection_tool>
  <inspection_tool class="CssInvalidElement" enabled="false" level="ERROR" enabled_by_default="false">
    <scope name="Inspections" level="ERROR" enabled="false" />
  </inspection_tool>
  <inspection_tool class="CssInvalidFunction" enabled="false" level="ERROR" enabled_by_default="false">
    <scope name="Inspections" level="ERROR" enabled="false" />
  </inspection_tool>
  <inspection_tool class="CssInvalidHtmlTagReference" enabled="false" level="WARNING" enabled_by_default="false">
    <scope name="Inspections" level="WARNING" enabled="false" />
  </inspection_tool>
  <inspection_tool class="CssInvalidImport" enabled="false" level="WARNING" enabled_by_default="false">
    <scope name="Inspections" level="WARNING" enabled="false" />
  </inspection_tool>
  <inspection_tool class="CssInvalidMediaFeature" enabled="false" level="ERROR" enabled_by_default="false">
    <scope name="Inspections" level="ERROR" enabled="false" />
  </inspection_tool>
  <inspection_tool class="CssInvalidPropertyValue" enabled="false" level="ERROR" enabled_by_default="false">
    <scope name="Inspections" level="ERROR" enabled="false" />
  </inspection_tool>
  <inspection_tool class="CssInvalidPseudoSelector" enabled="false" level="ERROR" enabled_by_default="false">
    <scope name="Inspections" level="ERROR" enabled="false" />
  </inspection_tool>
  <inspection_tool class="CssMissingComma" enabled="false" level="WARNING" enabled_by_default="false">
    <scope name="Inspections" level="WARNING" enabled="false" />
  </inspection_tool>
  <inspection_tool class="CssMissingSemicolon" enabled="false" level="WARNING" enabled_by_default="false">
    <scope name="Inspections" level="WARNING" enabled="false" />
  </inspection_tool>
  <inspection_tool class="CssNegativeValue" enabled="false" level="ERROR" enabled_by_default="false">
    <scope name="Inspections" level="ERROR" enabled="false" />
  </inspection_tool>
  <inspection_tool class="CssNoGenericFontName" enabled="false" level="WARNING" enabled_by_default="false">
    <scope name="Inspections" level="WARNING" enabled="false" />
  </inspection_tool>
  <inspection_tool class="CssOptimizeSimilarProperties" enabled="false" level="WEAK WARNING" enabled_by_default="false">
    <scope name="Inspections" level="WEAK WARNING" enabled="false" />
  </inspection_tool>
  <inspection_tool class="CssOverwrittenProperties" enabled="false" level="WARNING" enabled_by_default="false">
    <scope name="Inspections" level="WARNING" enabled="false" />
  </inspection_tool>
  <inspection_tool class="CssRedundantUnit" enabled="false" level="WARNING" enabled_by_default="false">
    <scope name="Inspections" level="WARNING" enabled="false" />
  </inspection_tool>
  <inspection_tool class="CssUnitlessNumber" enabled="false" level="WARNING" enabled_by_default="false">
    <scope name="Inspections" level="WARNING" enabled="false" />
  </inspection_tool>
  <inspection_tool class="CssUnknownProperty" enabled="false" level="WARNING" enabled_by_default="false">
    <scope name="Inspections" level="WARNING" enabled="false">
      <option name="myCustomPropertiesEnabled" value="false" />
      <option name="myIgnoreVendorSpecificProperties" value="false" />
      <option name="myCustomPropertiesList">
        <value>
          <list size="0" />
        </value>
      </option>
    </scope>
    <option name="myCustomPropertiesEnabled" value="false" />
    <option name="myIgnoreVendorSpecificProperties" value="false" />
    <option name="myCustomPropertiesList">
      <value>
        <list size="0" />
      </value>
    </option>
  </inspection_tool>
  <inspection_tool class="CssUnknownTarget" enabled="false" level="ERROR" enabled_by_default="false">
    <scope name="Inspections" level="ERROR" enabled="false" />
  </inspection_tool>
  <inspection_tool class="CssUnresolvedClass" enabled="false" level="ERROR" enabled_by_default="false">
    <scope name="Inspections" level="ERROR" enabled="false" />
  </inspection_tool>
  <inspection_tool class="CssUnresolvedCustomProperty" enabled="false" level="ERROR" enabled_by_default="false">
    <scope name="Inspections" level="ERROR" enabled="false" />
  </inspection_tool>
  <inspection_tool class="CssUnresolvedCustomPropertySet" enabled="false" level="ERROR" enabled_by_default="false">
    <scope name="Inspections" level="ERROR" enabled="false" />
  </inspection_tool>
  <inspection_tool class="CssUnusedSymbol" enabled="false" level="WARNING" enabled_by_default="false">
    <scope name="Inspections" level="WARNING" enabled="false" />
  </inspection_tool>
  <inspection_tool class="CyclomaticComplexityJS" enabled="true" level="WARNING" enabled_by_default="false">
    <scope name="Inspections" level="WARNING" enabled="true">
      <option name="m_limit" value="10" />
    </scope>
    <option name="m_limit" value="10" />
  </inspection_tool>
  <inspection_tool class="DebuggerStatementJS" enabled="true" level="WARNING" enabled_by_default="false">
    <scope name="Inspections" level="WARNING" enabled="true" />
  </inspection_tool>
  <inspection_tool class="DefaultNotLastCaseInSwitchJS" enabled="true" level="WARNING" enabled_by_default="false">
    <scope name="Inspections" level="WARNING" enabled="true" />
  </inspection_tool>
  <inspection_tool class="DivideByZeroJS" enabled="true" level="WARNING" enabled_by_default="false">
    <scope name="Inspections" level="WARNING" enabled="true" />
  </inspection_tool>
  <inspection_tool class="DocumentWriteJS" enabled="true" level="WARNING" enabled_by_default="false">
    <scope name="Inspections" level="WARNING" enabled="true" />
  </inspection_tool>
  <inspection_tool class="DuplicateCaseLabelJS" enabled="true" level="WARNING" enabled_by_default="false">
    <scope name="Inspections" level="WARNING" enabled="true" />
  </inspection_tool>
  <inspection_tool class="DuplicateConditionJS" enabled="true" level="WARNING" enabled_by_default="false">
    <scope name="Inspections" level="WARNING" enabled="true" />
  </inspection_tool>
  <inspection_tool class="Duplicates" enabled="true" level="WEAK WARNING" enabled_by_default="false">
    <scope name="Inspections" level="WEAK WARNING" enabled="true" />
  </inspection_tool>
  <inspection_tool class="DynamicallyGeneratedCodeJS" enabled="true" level="WARNING" enabled_by_default="false">
    <scope name="Inspections" level="WARNING" enabled="true" />
  </inspection_tool>
  <inspection_tool class="ES6BindWithArrowFunction" enabled="true" level="WARNING" enabled_by_default="false">
    <scope name="Inspections" level="WARNING" enabled="true" />
  </inspection_tool>
  <inspection_tool class="ES6CheckImport" enabled="true" level="WEAK WARNING" enabled_by_default="false">
    <scope name="Inspections" level="WEAK WARNING" enabled="true" />
  </inspection_tool>
  <inspection_tool class="ES6ConvertModuleExportToExport" enabled="true" level="INFORMATION" enabled_by_default="false">
    <scope name="Inspections" level="INFORMATION" enabled="true" />
  </inspection_tool>
  <inspection_tool class="ES6ConvertRequireIntoImport" enabled="true" level="INFORMATION" enabled_by_default="false">
    <scope name="Inspections" level="INFORMATION" enabled="true" />
  </inspection_tool>
  <inspection_tool class="ES6ConvertToForOf" enabled="true" level="INFORMATION" enabled_by_default="false">
    <scope name="Inspections" level="INFORMATION" enabled="true" />
  </inspection_tool>
  <inspection_tool class="ES6ConvertVarToLetConst" enabled="true" level="WARNING" enabled_by_default="false">
    <scope name="Inspections" level="WARNING" enabled="true" />
  </inspection_tool>
  <inspection_tool class="ES6MissingAwait" enabled="true" level="INFORMATION" enabled_by_default="false">
    <scope name="Inspections" level="INFORMATION" enabled="true" />
  </inspection_tool>
  <inspection_tool class="ES6ModulesDependencies" enabled="true" level="WEAK WARNING" enabled_by_default="false">
    <scope name="Inspections" level="WEAK WARNING" enabled="true" />
  </inspection_tool>
  <inspection_tool class="ES6PossiblyAsyncFunction" enabled="true" level="WEAK WARNING" enabled_by_default="false">
    <scope name="Inspections" level="WEAK WARNING" enabled="true" />
  </inspection_tool>
  <inspection_tool class="ES6ShorthandObjectProperty" enabled="true" level="INFORMATION" enabled_by_default="false">
    <scope name="Inspections" level="INFORMATION" enabled="true" />
  </inspection_tool>
  <inspection_tool class="ES6UnusedImports" enabled="true" level="WARNING" enabled_by_default="false">
    <scope name="Inspections" level="WARNING" enabled="true" />
  </inspection_tool>
  <inspection_tool class="EmptyCatchBlockJS" enabled="true" level="WARNING" enabled_by_default="false">
    <scope name="Inspections" level="WARNING" enabled="true" />
  </inspection_tool>
  <inspection_tool class="EmptyFinallyBlockJS" enabled="true" level="WARNING" enabled_by_default="false">
    <scope name="Inspections" level="WARNING" enabled="true" />
  </inspection_tool>
  <inspection_tool class="EmptyStatementBodyJS" enabled="true" level="WARNING" enabled_by_default="false">
    <scope name="Inspections" level="WARNING" enabled="true">
      <option name="m_reportEmptyBlocks" value="false" />
    </scope>
    <option name="m_reportEmptyBlocks" value="false" />
  </inspection_tool>
  <inspection_tool class="EmptyTryBlockJS" enabled="true" level="WARNING" enabled_by_default="false">
    <scope name="Inspections" level="WARNING" enabled="true" />
  </inspection_tool>
  <inspection_tool class="Eslint" enabled="true" level="ERROR" enabled_by_default="true">
    <scope name="Inspections" level="ERROR" enabled="true" />
  </inspection_tool>
  <inspection_tool class="ExceptionCaughtLocallyJS" enabled="true" level="WARNING" enabled_by_default="false">
    <scope name="Inspections" level="WARNING" enabled="true" />
  </inspection_tool>
  <inspection_tool class="FallThroughInSwitchStatementJS" enabled="true" level="WARNING" enabled_by_default="false">
    <scope name="Inspections" level="WARNING" enabled="true" />
  </inspection_tool>
  <inspection_tool class="FlowJSConfig" enabled="true" level="WARNING" enabled_by_default="false">
    <scope name="Inspections" level="WARNING" enabled="true" />
  </inspection_tool>
  <inspection_tool class="FlowJSCoverage" enabled="false" level="WEAK WARNING" enabled_by_default="false">
    <scope name="Inspections" level="WEAK WARNING" enabled="false" />
  </inspection_tool>
  <inspection_tool class="FlowJSError" enabled="true" level="ERROR" enabled_by_default="false">
    <scope name="Inspections" level="ERROR" enabled="true" />
  </inspection_tool>
  <inspection_tool class="FlowJSFlagCommentPlacement" enabled="true" level="WARNING" enabled_by_default="false">
    <scope name="Inspections" level="WARNING" enabled="true" />
  </inspection_tool>
  <inspection_tool class="ForLoopReplaceableByWhileJS" enabled="true" level="WARNING" enabled_by_default="false">
    <scope name="Inspections" level="WARNING" enabled="true">
      <option name="m_ignoreLoopsWithoutConditions" value="false" />
    </scope>
    <option name="m_ignoreLoopsWithoutConditions" value="false" />
  </inspection_tool>
  <inspection_tool class="ForLoopThatDoesntUseLoopVariableJS" enabled="true" level="WARNING" enabled_by_default="false">
    <scope name="Inspections" level="WARNING" enabled="true" />
  </inspection_tool>
  <inspection_tool class="FunctionNamingConventionJS" enabled="true" level="WARNING" enabled_by_default="false">
    <scope name="Inspections" level="WARNING" enabled="true">
      <option name="m_regex" value="[a-z][A-Za-z]*" />
      <option name="m_minLength" value="4" />
      <option name="m_maxLength" value="32" />
    </scope>
    <option name="m_regex" value="[a-z][A-Za-z]*" />
    <option name="m_minLength" value="4" />
    <option name="m_maxLength" value="32" />
  </inspection_tool>
  <inspection_tool class="FunctionWithInconsistentReturnsJS" enabled="true" level="WARNING" enabled_by_default="false">
    <scope name="Inspections" level="WARNING" enabled="true" />
  </inspection_tool>
  <inspection_tool class="FunctionWithMultipleLoopsJS" enabled="true" level="WARNING" enabled_by_default="false">
    <scope name="Inspections" level="WARNING" enabled="true" />
  </inspection_tool>
  <inspection_tool class="FunctionWithMultipleReturnPointsJS" enabled="true" level="WARNING" enabled_by_default="false">
    <scope name="Inspections" level="WARNING" enabled="true" />
  </inspection_tool>
  <inspection_tool class="GjsLint" enabled="false" level="WARNING" enabled_by_default="false">
    <scope name="Inspections" level="WARNING" enabled="false" />
  </inspection_tool>
  <inspection_tool class="HardwiredNamespacePrefix" enabled="false" level="WARNING" enabled_by_default="false">
    <scope name="Inspections" level="WARNING" enabled="false" />
  </inspection_tool>
  <inspection_tool class="HtmlDeprecatedTag" enabled="false" level="WARNING" enabled_by_default="false">
    <scope name="Inspections" level="WARNING" enabled="false" />
  </inspection_tool>
  <inspection_tool class="HtmlExtraClosingTag" enabled="false" level="WARNING" enabled_by_default="false">
    <scope name="Inspections" level="WARNING" enabled="false" />
  </inspection_tool>
  <inspection_tool class="HtmlFormInputWithoutLabel" enabled="false" level="WARNING" enabled_by_default="false">
    <scope name="Inspections" level="WARNING" enabled="false" />
  </inspection_tool>
  <inspection_tool class="HtmlMissingClosingTag" enabled="false" level="INFORMATION" enabled_by_default="false">
    <scope name="Inspections" level="INFORMATION" enabled="false" />
  </inspection_tool>
  <inspection_tool class="HtmlNonExistentInternetResource" enabled="false" level="WARNING" enabled_by_default="false">
    <scope name="Inspections" level="WARNING" enabled="false" />
  </inspection_tool>
  <inspection_tool class="HtmlPresentationalElement" enabled="false" level="WARNING" enabled_by_default="false">
    <scope name="Inspections" level="WARNING" enabled="false" />
  </inspection_tool>
  <inspection_tool class="HtmlUnknownAnchorTarget" enabled="false" level="WARNING" enabled_by_default="false">
    <scope name="Inspections" level="WARNING" enabled="false" />
  </inspection_tool>
  <inspection_tool class="HtmlUnknownAttribute" enabled="false" level="WARNING" enabled_by_default="false">
    <scope name="Inspections" level="WARNING" enabled="false" />
    <option name="myValues">
      <value>
        <list size="0" />
      </value>
    </option>
    <option name="myCustomValuesEnabled" value="true" />
  </inspection_tool>
  <inspection_tool class="HtmlUnknownBooleanAttribute" enabled="false" level="WARNING" enabled_by_default="false">
    <scope name="Inspections" level="WARNING" enabled="false" />
  </inspection_tool>
  <inspection_tool class="HtmlUnknownTag" enabled="false" level="WARNING" enabled_by_default="false">
    <scope name="Inspections" level="WARNING" enabled="false" />
    <option name="myValues">
      <value>
        <list size="6">
          <item index="0" class="java.lang.String" itemvalue="nobr" />
          <item index="1" class="java.lang.String" itemvalue="noembed" />
          <item index="2" class="java.lang.String" itemvalue="comment" />
          <item index="3" class="java.lang.String" itemvalue="noscript" />
          <item index="4" class="java.lang.String" itemvalue="embed" />
          <item index="5" class="java.lang.String" itemvalue="script" />
        </list>
      </value>
    </option>
    <option name="myCustomValuesEnabled" value="true" />
  </inspection_tool>
  <inspection_tool class="HtmlUnknownTarget" enabled="false" level="WARNING" enabled_by_default="false">
    <scope name="Inspections" level="WARNING" enabled="false" />
  </inspection_tool>
  <inspection_tool class="IfStatementWithIdenticalBranchesJS" enabled="true" level="WARNING" enabled_by_default="false">
    <scope name="Inspections" level="WARNING" enabled="true" />
  </inspection_tool>
  <inspection_tool class="IfStatementWithTooManyBranchesJS" enabled="true" level="WARNING" enabled_by_default="false">
    <scope name="Inspections" level="WARNING" enabled="true">
      <option name="m_limit" value="3" />
    </scope>
    <option name="m_limit" value="3" />
  </inspection_tool>
  <inspection_tool class="ImplicitTypeConversion" enabled="false" level="WARNING" enabled_by_default="false">
    <scope name="Inspections" level="WARNING" enabled="false" />
    <option name="BITS" value="1720" />
    <option name="FLAG_EXPLICIT_CONVERSION" value="true" />
    <option name="IGNORE_NODESET_TO_BOOLEAN_VIA_STRING" value="true" />
  </inspection_tool>
  <inspection_tool class="IncompatibleMaskJS" enabled="true" level="WARNING" enabled_by_default="false">
    <scope name="Inspections" level="WARNING" enabled="true" />
  </inspection_tool>
  <inspection_tool class="InconsistentLineSeparators" enabled="true" level="WARNING" enabled_by_default="false">
    <scope name="Inspections" level="WARNING" enabled="true" />
  </inspection_tool>
  <inspection_tool class="IncrementDecrementResultUsedJS" enabled="true" level="WARNING" enabled_by_default="false">
    <scope name="Inspections" level="WARNING" enabled="true" />
  </inspection_tool>
  <inspection_tool class="IndexZeroUsage" enabled="false" level="WARNING" enabled_by_default="false">
    <scope name="Inspections" level="WARNING" enabled="false" />
  </inspection_tool>
  <inspection_tool class="InfiniteLoopJS" enabled="true" level="WARNING" enabled_by_default="false">
    <scope name="Inspections" level="WARNING" enabled="true" />
  </inspection_tool>
  <inspection_tool class="InfiniteRecursionJS" enabled="true" level="WARNING" enabled_by_default="false">
    <scope name="Inspections" level="WARNING" enabled="true" />
  </inspection_tool>
  <inspection_tool class="InjectedReferences" enabled="true" level="ERROR" enabled_by_default="false">
    <scope name="Inspections" level="ERROR" enabled="true" />
  </inspection_tool>
  <inspection_tool class="InnerHTMLJS" enabled="true" level="WARNING" enabled_by_default="false">
    <scope name="Inspections" level="WARNING" enabled="true" />
  </inspection_tool>
  <inspection_tool class="JSAccessibilityCheck" enabled="true" level="WARNING" enabled_by_default="false">
    <scope name="Inspections" level="WARNING" enabled="true" />
  </inspection_tool>
  <inspection_tool class="JSAnnotator" enabled="true" level="ERROR" enabled_by_default="false">
    <scope name="Inspections" level="ERROR" enabled="true" />
  </inspection_tool>
  <inspection_tool class="JSBitwiseOperatorUsage" enabled="true" level="WARNING" enabled_by_default="false">
    <scope name="Inspections" level="WARNING" enabled="true" />
  </inspection_tool>
  <inspection_tool class="JSCheckFunctionSignatures" enabled="true" level="WEAK WARNING" enabled_by_default="false">
    <scope name="Inspections" level="WEAK WARNING" enabled="true" />
  </inspection_tool>
  <inspection_tool class="JSClassNamingConvention" enabled="true" level="WARNING" enabled_by_default="false">
    <scope name="Inspections" level="WARNING" enabled="true" />
  </inspection_tool>
  <inspection_tool class="JSClosureCompilerSyntax" enabled="true" level="WARNING" enabled_by_default="false">
    <scope name="Inspections" level="WARNING" enabled="true" />
  </inspection_tool>
  <inspection_tool class="JSCommentMatchesSignature" enabled="true" level="WARNING" enabled_by_default="false">
    <scope name="Inspections" level="WARNING" enabled="true" />
  </inspection_tool>
  <inspection_tool class="JSComparisonWithNaN" enabled="true" level="WARNING" enabled_by_default="false">
    <scope name="Inspections" level="WARNING" enabled="true" />
  </inspection_tool>
  <inspection_tool class="JSConsecutiveCommasInArrayLiteral" enabled="true" level="WARNING" enabled_by_default="false">
    <scope name="Inspections" level="WARNING" enabled="true" />
  </inspection_tool>
  <inspection_tool class="JSConstructorReturnsPrimitive" enabled="true" level="WARNING" enabled_by_default="false">
    <scope name="Inspections" level="WARNING" enabled="true" />
  </inspection_tool>
  <inspection_tool class="JSDeclarationsAtScopeStart" enabled="true" level="WEAK WARNING" enabled_by_default="false">
    <scope name="Inspections" level="WEAK WARNING" enabled="true" />
  </inspection_tool>
  <inspection_tool class="JSDeprecatedSymbols" enabled="true" level="WEAK WARNING" enabled_by_default="false">
    <scope name="Inspections" level="WEAK WARNING" enabled="true" />
  </inspection_tool>
  <inspection_tool class="JSDuplicatedDeclaration" enabled="true" level="WARNING" enabled_by_default="false">
    <scope name="Inspections" level="WARNING" enabled="true" />
  </inspection_tool>
  <inspection_tool class="JSEqualityComparisonWithCoercion" enabled="true" level="WARNING" enabled_by_default="false">
    <scope name="Inspections" level="WARNING" enabled="true" />
  </inspection_tool>
  <inspection_tool class="JSEqualityComparisonWithCoercion.TS" enabled="true" level="WARNING" enabled_by_default="false">
    <scope name="Inspections" level="WARNING" enabled="true" />
  </inspection_tool>
  <inspection_tool class="JSFileReferences" enabled="true" level="WARNING" enabled_by_default="false">
    <scope name="Inspections" level="WARNING" enabled="true" />
  </inspection_tool>
  <inspection_tool class="JSFunctionExpressionToArrowFunction" enabled="true" level="INFORMATION" enabled_by_default="false">
    <scope name="Inspections" level="INFORMATION" enabled="true" />
  </inspection_tool>
  <inspection_tool class="JSHint" enabled="false" level="ERROR" enabled_by_default="false">
    <scope name="Inspections" level="ERROR" enabled="false" />
  </inspection_tool>
  <inspection_tool class="JSIgnoredPromiseFromCall" enabled="true" level="WEAK WARNING" enabled_by_default="false">
    <scope name="Inspections" level="WEAK WARNING" enabled="true" />
  </inspection_tool>
  <inspection_tool class="JSJQueryEfficiency" enabled="false" level="WARNING" enabled_by_default="false">
    <scope name="Inspections" level="WARNING" enabled="false" />
  </inspection_tool>
  <inspection_tool class="JSLastCommaInArrayLiteral" enabled="true" level="WARNING" enabled_by_default="false">
    <scope name="Inspections" level="WARNING" enabled="true" />
  </inspection_tool>
  <inspection_tool class="JSLastCommaInObjectLiteral" enabled="true" level="WARNING" enabled_by_default="false">
    <scope name="Inspections" level="WARNING" enabled="true" />
  </inspection_tool>
  <inspection_tool class="JSLint" enabled="false" level="ERROR" enabled_by_default="false">
    <scope name="Inspections" level="ERROR" enabled="false" />
  </inspection_tool>
  <inspection_tool class="JSMethodCanBeStatic" enabled="false" level="WARNING" enabled_by_default="false">
    <scope name="Inspections" level="WARNING" enabled="false" />
  </inspection_tool>
  <inspection_tool class="JSMismatchedCollectionQueryUpdate" enabled="true" level="WARNING" enabled_by_default="false">
    <scope name="Inspections" level="WARNING" enabled="true">
      <option name="queries" value="trace,write,forEach,length" />
      <option name="updates" value="pop,push,shift,splice,unshift,add,insert,remove" />
    </scope>
    <option name="queries" value="trace,write,forEach,length" />
    <option name="updates" value="pop,push,shift,splice,unshift,add,insert,remove" />
  </inspection_tool>
  <inspection_tool class="JSNonASCIINames" enabled="true" level="WARNING" enabled_by_default="false">
    <scope name="Inspections" level="WARNING" enabled="true" />
  </inspection_tool>
  <inspection_tool class="JSNonStrictModeUsed" enabled="true" level="WARNING" enabled_by_default="false">
    <scope name="Inspections" level="WARNING" enabled="true" />
  </inspection_tool>
  <inspection_tool class="JSPotentiallyInvalidConstructorUsage" enabled="true" level="WARNING" enabled_by_default="false">
    <scope name="Inspections" level="WARNING" enabled="true">
      <option name="myConsiderUppercaseFunctionsToBeConstructors" value="true" />
    </scope>
    <option name="myConsiderUppercaseFunctionsToBeConstructors" value="true" />
  </inspection_tool>
  <inspection_tool class="JSPotentiallyInvalidTargetOfIndexedPropertyAccess" enabled="true" level="WARNING" enabled_by_default="false">
    <scope name="Inspections" level="WARNING" enabled="true" />
  </inspection_tool>
  <inspection_tool class="JSPotentiallyInvalidUsageOfThis" enabled="true" level="WARNING" enabled_by_default="false">
    <scope name="Inspections" level="WARNING" enabled="true" />
  </inspection_tool>
  <inspection_tool class="JSPrimitiveTypeWrapperUsage" enabled="true" level="WARNING" enabled_by_default="false">
    <scope name="Inspections" level="WARNING" enabled="true" />
  </inspection_tool>
  <inspection_tool class="JSReferencingArgumentsOutsideOfFunction" enabled="true" level="ERROR" enabled_by_default="false">
    <scope name="Inspections" level="ERROR" enabled="true" />
  </inspection_tool>
  <inspection_tool class="JSReferencingMutableVariableFromClosure" enabled="true" level="WARNING" enabled_by_default="false">
    <scope name="Inspections" level="WARNING" enabled="true" />
  </inspection_tool>
  <inspection_tool class="JSRemoveUnnecessaryParentheses" enabled="true" level="INFORMATION" enabled_by_default="false">
    <scope name="Inspections" level="INFORMATION" enabled="true" />
  </inspection_tool>
  <inspection_tool class="JSStringConcatenationToES6Template" enabled="true" level="INFORMATION" enabled_by_default="false">
    <scope name="Inspections" level="INFORMATION" enabled="true" />
  </inspection_tool>
  <inspection_tool class="JSSuspiciousNameCombination" enabled="true" level="WARNING" enabled_by_default="false">
    <scope name="Inspections" level="WARNING" enabled="true">
      <group names="x,width,left,right" />
      <group names="y,height,top,bottom" />
      <exclude classes="Math" />
    </scope>
    <group names="x,width,left,right" />
    <group names="y,height,top,bottom" />
    <exclude classes="Math" />
  </inspection_tool>
  <inspection_tool class="JSTypeOfValues" enabled="true" level="WARNING" enabled_by_default="false">
    <scope name="Inspections" level="WARNING" enabled="true" />
  </inspection_tool>
  <inspection_tool class="JSUndeclaredVariable" enabled="true" level="WEAK WARNING" enabled_by_default="false">
    <scope name="Inspections" level="WEAK WARNING" enabled="true" />
  </inspection_tool>
  <inspection_tool class="JSUndefinedPropertyAssignment" enabled="true" level="WEAK WARNING" enabled_by_default="false">
    <scope name="Inspections" level="WEAK WARNING" enabled="true" />
  </inspection_tool>
  <inspection_tool class="JSUnfilteredForInLoop" enabled="true" level="WARNING" enabled_by_default="false">
    <scope name="Inspections" level="WARNING" enabled="true" />
  </inspection_tool>
  <inspection_tool class="JSUnnecessarySemicolon" enabled="true" level="WARNING" enabled_by_default="false">
    <scope name="Inspections" level="WARNING" enabled="true" />
  </inspection_tool>
  <inspection_tool class="JSUnresolvedExtXType" enabled="true" level="WARNING" enabled_by_default="false">
    <scope name="Inspections" level="WARNING" enabled="true" />
  </inspection_tool>
  <inspection_tool class="JSUnresolvedFunction" enabled="true" level="WEAK WARNING" enabled_by_default="false">
    <scope name="Inspections" level="WEAK WARNING" enabled="true" />
  </inspection_tool>
  <inspection_tool class="JSUnresolvedLibraryURL" enabled="true" level="WARNING" enabled_by_default="false">
    <scope name="Inspections" level="WARNING" enabled="true" />
  </inspection_tool>
  <inspection_tool class="JSUnresolvedVariable" enabled="true" level="WEAK WARNING" enabled_by_default="false">
    <scope name="Inspections" level="WEAK WARNING" enabled="true" />
  </inspection_tool>
  <inspection_tool class="JSUnusedAssignment" enabled="true" level="WARNING" enabled_by_default="false">
    <scope name="Inspections" level="WARNING" enabled="true" />
  </inspection_tool>
  <inspection_tool class="JSUnusedGlobalSymbols" enabled="true" level="WARNING" enabled_by_default="false">
    <scope name="Inspections" level="WARNING" enabled="true" />
  </inspection_tool>
  <inspection_tool class="JSUnusedLocalSymbols" enabled="true" level="WARNING" enabled_by_default="false">
    <scope name="Inspections" level="WARNING" enabled="true" />
  </inspection_tool>
  <inspection_tool class="JSValidateJSDoc" enabled="true" level="WARNING" enabled_by_default="false">
    <scope name="Inspections" level="WARNING" enabled="true" />
  </inspection_tool>
  <inspection_tool class="JSValidateTypes" enabled="true" level="WEAK WARNING" enabled_by_default="false">
    <scope name="Inspections" level="WEAK WARNING" enabled="true" />
  </inspection_tool>
  <inspection_tool class="JSXNamespaceValidation" enabled="true" level="WEAK WARNING" enabled_by_default="false">
    <scope name="Inspections" level="WEAK WARNING" enabled="true" />
  </inspection_tool>
  <inspection_tool class="Jscs" enabled="false" level="ERROR" enabled_by_default="false">
    <scope name="Inspections" level="ERROR" enabled="false" />
  </inspection_tool>
  <inspection_tool class="JsonDuplicatePropertyKeys" enabled="true" level="WARNING" enabled_by_default="false">
    <scope name="Inspections" level="WARNING" enabled="true" />
  </inspection_tool>
  <inspection_tool class="JsonStandardCompliance" enabled="true" level="ERROR" enabled_by_default="false">
    <scope name="Inspections" level="ERROR" enabled="true" />
  </inspection_tool>
  <inspection_tool class="KarmaConfigFile" enabled="true" level="WARNING" enabled_by_default="false">
    <scope name="Inspections" level="WARNING" enabled="true" />
  </inspection_tool>
  <inspection_tool class="LabeledStatementJS" enabled="true" level="WARNING" enabled_by_default="false">
    <scope name="Inspections" level="WARNING" enabled="true" />
  </inspection_tool>
  <inspection_tool class="LocalVariableNamingConventionJS" enabled="true" level="WARNING" enabled_by_default="false">
    <scope name="Inspections" level="WARNING" enabled="true">
      <option name="m_regex" value="[a-z][A-Za-z]*" />
      <option name="m_minLength" value="1" />
      <option name="m_maxLength" value="32" />
    </scope>
    <option name="m_regex" value="[a-z][A-Za-z]*" />
    <option name="m_minLength" value="1" />
    <option name="m_maxLength" value="32" />
  </inspection_tool>
  <inspection_tool class="LongLine" enabled="true" level="WARNING" enabled_by_default="false">
    <scope name="Inspections" level="WARNING" enabled="true" />
  </inspection_tool>
  <inspection_tool class="LoopStatementThatDoesntLoopJS" enabled="true" level="WARNING" enabled_by_default="false">
    <scope name="Inspections" level="WARNING" enabled="true" />
  </inspection_tool>
  <inspection_tool class="LossyEncoding" enabled="false" level="WARNING" enabled_by_default="false">
    <scope name="Inspections" level="WARNING" enabled="false" />
  </inspection_tool>
  <inspection_tool class="MagicNumberJS" enabled="true" level="WARNING" enabled_by_default="false">
    <scope name="Inspections" level="WARNING" enabled="true" />
  </inspection_tool>
  <inspection_tool class="MarkdownUnresolvedFileReference" enabled="false" level="WARNING" enabled_by_default="false">
    <scope name="Inspections" level="WARNING" enabled="false" />
  </inspection_tool>
  <inspection_tool class="NegatedConditionalExpressionJS" enabled="true" level="WARNING" enabled_by_default="false">
    <scope name="Inspections" level="WARNING" enabled="true" />
  </inspection_tool>
  <inspection_tool class="NegatedIfStatementJS" enabled="true" level="WARNING" enabled_by_default="false">
    <scope name="Inspections" level="WARNING" enabled="true" />
  </inspection_tool>
  <inspection_tool class="NestedAssignmentJS" enabled="true" level="WARNING" enabled_by_default="false">
    <scope name="Inspections" level="WARNING" enabled="true" />
  </inspection_tool>
  <inspection_tool class="NestedConditionalExpressionJS" enabled="true" level="WARNING" enabled_by_default="false">
    <scope name="Inspections" level="WARNING" enabled="true" />
  </inspection_tool>
  <inspection_tool class="NestedFunctionCallJS" enabled="true" level="WARNING" enabled_by_default="false">
    <scope name="Inspections" level="WARNING" enabled="true" />
  </inspection_tool>
  <inspection_tool class="NestedFunctionJS" enabled="true" level="WARNING" enabled_by_default="false">
    <scope name="Inspections" level="WARNING" enabled="true">
      <option name="m_includeAnonymousFunctions" value="false" />
    </scope>
    <option name="m_includeAnonymousFunctions" value="false" />
  </inspection_tool>
  <inspection_tool class="NestedSwitchStatementJS" enabled="true" level="WARNING" enabled_by_default="false">
    <scope name="Inspections" level="WARNING" enabled="true" />
  </inspection_tool>
  <inspection_tool class="NestingDepthJS" enabled="true" level="WARNING" enabled_by_default="false">
    <scope name="Inspections" level="WARNING" enabled="true">
      <option name="m_limit" value="5" />
    </scope>
    <option name="m_limit" value="5" />
  </inspection_tool>
  <inspection_tool class="NodeJsCodingAssistanceForCoreModules" enabled="true" level="WARNING" enabled_by_default="false">
    <scope name="Inspections" level="WARNING" enabled="true" />
  </inspection_tool>
  <inspection_tool class="NodeModulesDependencies" enabled="false" level="WEAK WARNING" enabled_by_default="false">
    <scope name="Inspections" level="WEAK WARNING" enabled="false" />
  </inspection_tool>
  <inspection_tool class="NonAsciiCharacters" enabled="false" level="WARNING" enabled_by_default="false">
    <scope name="Inspections" level="WARNING" enabled="false" />
  </inspection_tool>
  <inspection_tool class="NonBlockStatementBodyJS" enabled="true" level="WARNING" enabled_by_default="false">
    <scope name="Inspections" level="WARNING" enabled="true" />
  </inspection_tool>
  <inspection_tool class="NonShortCircuitBooleanExpressionJS" enabled="true" level="WARNING" enabled_by_default="false">
    <scope name="Inspections" level="WARNING" enabled="true" />
  </inspection_tool>
  <inspection_tool class="NpmUsedModulesInstalled" enabled="true" level="WEAK WARNING" enabled_by_default="false">
    <scope name="Inspections" level="WEAK WARNING" enabled="true" />
  </inspection_tool>
  <inspection_tool class="ObjectAllocationIgnoredJS" enabled="true" level="WARNING" enabled_by_default="false">
    <scope name="Inspections" level="WARNING" enabled="true" />
  </inspection_tool>
  <inspection_tool class="OctalIntegerJS" enabled="true" level="WARNING" enabled_by_default="false">
    <scope name="Inspections" level="WARNING" enabled="true" />
  </inspection_tool>
  <inspection_tool class="OverlyComplexArithmeticExpressionJS" enabled="true" level="WARNING" enabled_by_default="false">
    <scope name="Inspections" level="WARNING" enabled="true">
      <option name="m_limit" value="6" />
    </scope>
    <option name="m_limit" value="6" />
  </inspection_tool>
  <inspection_tool class="OverlyComplexBooleanExpressionJS" enabled="true" level="WARNING" enabled_by_default="false">
    <scope name="Inspections" level="WARNING" enabled="true">
      <option name="m_limit" value="3" />
    </scope>
    <option name="m_limit" value="3" />
  </inspection_tool>
  <inspection_tool class="ParameterNamingConventionJS" enabled="true" level="WARNING" enabled_by_default="false">
    <scope name="Inspections" level="WARNING" enabled="true">
      <option name="m_regex" value="[a-z][A-Za-z]*" />
      <option name="m_minLength" value="1" />
      <option name="m_maxLength" value="32" />
    </scope>
    <option name="m_regex" value="[a-z][A-Za-z]*" />
    <option name="m_minLength" value="1" />
    <option name="m_maxLength" value="32" />
  </inspection_tool>
  <inspection_tool class="ParametersPerFunctionJS" enabled="true" level="WARNING" enabled_by_default="false">
    <scope name="Inspections" level="WARNING" enabled="true">
      <option name="m_limit" value="5" />
    </scope>
    <option name="m_limit" value="5" />
  </inspection_tool>
  <inspection_tool class="PlatformDetectionJS" enabled="true" level="WARNING" enabled_by_default="false">
    <scope name="Inspections" level="WARNING" enabled="true" />
  </inspection_tool>
  <inspection_tool class="PointlessArithmeticExpressionJS" enabled="true" level="WARNING" enabled_by_default="false">
    <scope name="Inspections" level="WARNING" enabled="true" />
  </inspection_tool>
  <inspection_tool class="PointlessBitwiseExpressionJS" enabled="true" level="WARNING" enabled_by_default="false">
    <scope name="Inspections" level="WARNING" enabled="true">
      <option name="m_ignoreExpressionsContainingConstants" value="false" />
    </scope>
    <option name="m_ignoreExpressionsContainingConstants" value="false" />
  </inspection_tool>
  <inspection_tool class="PointlessBooleanExpressionJS" enabled="true" level="WARNING" enabled_by_default="false">
    <scope name="Inspections" level="WARNING" enabled="true" />
  </inspection_tool>
  <inspection_tool class="ProblematicWhitespace" enabled="true" level="WARNING" enabled_by_default="false">
    <scope name="Inspections" level="WARNING" enabled="true" />
  </inspection_tool>
  <inspection_tool class="QuirksModeInspectionTool" enabled="false" level="WARNING" enabled_by_default="false">
    <scope name="Inspections" level="WARNING" enabled="false">
      <option name="IE50" value="false" />
      <option name="IE55" value="false" />
      <option name="IE6" value="true" />
      <option name="IE7" value="true" />
      <option name="IE_MAC" value="false" />
      <option name="MOZILLA" value="true" />
      <option name="OPERA7" value="false" />
      <option name="OPERA8" value="false" />
      <option name="OPERA85" value="true" />
      <option name="OPERA9" value="true" />
      <option name="SAFARI" value="true" />
    </scope>
    <option name="IE50" value="false" />
    <option name="IE55" value="false" />
    <option name="IE6" value="true" />
    <option name="IE7" value="true" />
    <option name="IE_MAC" value="false" />
    <option name="MOZILLA" value="true" />
    <option name="OPERA7" value="false" />
    <option name="OPERA8" value="false" />
    <option name="OPERA85" value="true" />
    <option name="OPERA9" value="true" />
    <option name="SAFARI" value="true" />
  </inspection_tool>
  <inspection_tool class="RedundantTypeConversion" enabled="false" level="WARNING" enabled_by_default="false">
    <scope name="Inspections" level="WARNING" enabled="false" />
    <option name="CHECK_ANY" value="false" />
  </inspection_tool>
  <inspection_tool class="RegExpAnonymousGroup" enabled="true" level="WARNING" enabled_by_default="false">
    <scope name="Inspections" level="WARNING" enabled="true" />
  </inspection_tool>
  <inspection_tool class="RegExpDuplicateAlternationBranch" enabled="true" level="WARNING" enabled_by_default="false">
    <scope name="Inspections" level="WARNING" enabled="true" />
  </inspection_tool>
  <inspection_tool class="RegExpEmptyAlternationBranch" enabled="true" level="WARNING" enabled_by_default="false">
    <scope name="Inspections" level="WARNING" enabled="true" />
  </inspection_tool>
  <inspection_tool class="RegExpEscapedMetaCharacter" enabled="true" level="INFORMATION" enabled_by_default="false">
    <scope name="Inspections" level="INFORMATION" enabled="true" />
  </inspection_tool>
  <inspection_tool class="RegExpOctalEscape" enabled="true" level="INFORMATION" enabled_by_default="false">
    <scope name="Inspections" level="INFORMATION" enabled="true" />
  </inspection_tool>
  <inspection_tool class="RegExpRedundantEscape" enabled="true" level="WARNING" enabled_by_default="false">
    <scope name="Inspections" level="WARNING" enabled="true" />
  </inspection_tool>
  <inspection_tool class="RegExpRepeatedSpace" enabled="true" level="WARNING" enabled_by_default="false">
    <scope name="Inspections" level="WARNING" enabled="true" />
  </inspection_tool>
  <inspection_tool class="RegExpSingleCharAlternation" enabled="true" level="WARNING" enabled_by_default="false">
    <scope name="Inspections" level="WARNING" enabled="true" />
  </inspection_tool>
  <inspection_tool class="ReplaceAssignmentWithOperatorAssignmentJS" enabled="true" level="WARNING" enabled_by_default="false">
    <scope name="Inspections" level="WARNING" enabled="true" />
  </inspection_tool>
  <inspection_tool class="RequiredAttributes" enabled="false" level="WARNING" enabled_by_default="false">
    <scope name="Inspections" level="WARNING" enabled="false">
      <option name="myAdditionalRequiredHtmlAttributes" value="" />
    </scope>
    <option name="myAdditionalRequiredHtmlAttributes" value="" />
  </inspection_tool>
  <inspection_tool class="ReservedWordUsedAsNameJS" enabled="true" level="WARNING" enabled_by_default="false">
    <scope name="Inspections" level="WARNING" enabled="true" />
  </inspection_tool>
  <inspection_tool class="ReturnFromFinallyBlockJS" enabled="true" level="WARNING" enabled_by_default="false">
    <scope name="Inspections" level="WARNING" enabled="true" />
  </inspection_tool>
  <inspection_tool class="ReuseOfLocalVariableJS" enabled="true" level="WARNING" enabled_by_default="false">
    <scope name="Inspections" level="WARNING" enabled="true" />
  </inspection_tool>
  <inspection_tool class="SSBasedInspection" enabled="true" level="WARNING" enabled_by_default="true">
    <scope name="Inspections" level="WARNING" enabled="true" />
  </inspection_tool>
  <inspection_tool class="SassScssResolvedByNameOnly" enabled="false" level="WEAK WARNING" enabled_by_default="false">
    <scope name="Inspections" level="WEAK WARNING" enabled="false" />
  </inspection_tool>
  <inspection_tool class="SassScssUnresolvedMixin" enabled="false" level="WARNING" enabled_by_default="false">
    <scope name="Inspections" level="WARNING" enabled="false" />
  </inspection_tool>
  <inspection_tool class="SassScssUnresolvedPlaceholderSelector" enabled="false" level="WARNING" enabled_by_default="false">
    <scope name="Inspections" level="WARNING" enabled="false" />
  </inspection_tool>
  <inspection_tool class="SassScssUnresolvedVariable" enabled="false" level="WARNING" enabled_by_default="false">
    <scope name="Inspections" level="WARNING" enabled="false" />
  </inspection_tool>
  <inspection_tool class="ShiftOutOfRangeJS" enabled="true" level="WARNING" enabled_by_default="false">
    <scope name="Inspections" level="WARNING" enabled="true" />
  </inspection_tool>
  <inspection_tool class="SillyAssignmentJS" enabled="true" level="WARNING" enabled_by_default="false">
    <scope name="Inspections" level="WARNING" enabled="true" />
  </inspection_tool>
  <inspection_tool class="SpellCheckingInspection" enabled="true" level="WARNING" enabled_by_default="false">
    <scope name="Inspections (Main project files and tests)" level="WARNING" enabled="true">
      <option name="processCode" value="true" />
      <option name="processLiterals" value="true" />
      <option name="processComments" value="true" />
    </scope>
    <option name="processCode" value="true" />
    <option name="processLiterals" value="true" />
    <option name="processComments" value="true" />
  </inspection_tool>
  <inspection_tool class="StandardJS" enabled="true" level="ERROR" enabled_by_default="false">
    <scope name="Inspections" level="ERROR" enabled="true" />
  </inspection_tool>
  <inspection_tool class="StatementsPerFunctionJS" enabled="true" level="WARNING" enabled_by_default="false">
    <scope name="Inspections" level="WARNING" enabled="true">
      <option name="m_limit" value="30" />
    </scope>
    <option name="m_limit" value="30" />
  </inspection_tool>
  <inspection_tool class="StringLiteralBreaksHTMLJS" enabled="true" level="WARNING" enabled_by_default="false">
    <scope name="Inspections" level="WARNING" enabled="true" />
  </inspection_tool>
  <inspection_tool class="Stylelint" enabled="false" level="ERROR" enabled_by_default="false">
    <scope name="Inspections" level="ERROR" enabled="false" />
  </inspection_tool>
  <inspection_tool class="SwitchStatementWithNoDefaultBranchJS" enabled="true" level="WARNING" enabled_by_default="false">
    <scope name="Inspections" level="WARNING" enabled="true" />
  </inspection_tool>
  <inspection_tool class="SyntaxError" enabled="true" level="ERROR" enabled_by_default="false">
    <scope name="Inspections" level="ERROR" enabled="true" />
  </inspection_tool>
  <inspection_tool class="TailRecursionJS" enabled="true" level="WARNING" enabled_by_default="false">
    <scope name="Inspections" level="WARNING" enabled="true" />
  </inspection_tool>
  <inspection_tool class="TaskProblemsInspection" enabled="true" level="WEAK WARNING" enabled_by_default="false">
    <scope name="Inspections" level="WEAK WARNING" enabled="true" />
  </inspection_tool>
  <inspection_tool class="TextLabelInSwitchStatementJS" enabled="true" level="WARNING" enabled_by_default="false">
    <scope name="Inspections" level="WARNING" enabled="true" />
  </inspection_tool>
  <inspection_tool class="ThisExpressionReferencesGlobalObjectJS" enabled="true" level="WARNING" enabled_by_default="false">
    <scope name="Inspections" level="WARNING" enabled="true" />
  </inspection_tool>
  <inspection_tool class="ThreeNegationsPerFunctionJS" enabled="true" level="WARNING" enabled_by_default="false">
    <scope name="Inspections" level="WARNING" enabled="true" />
  </inspection_tool>
  <inspection_tool class="ThrowFromFinallyBlockJS" enabled="true" level="WARNING" enabled_by_default="false">
    <scope name="Inspections" level="WARNING" enabled="true" />
  </inspection_tool>
  <inspection_tool class="TodoComment" enabled="true" level="WARNING" enabled_by_default="false">
    <scope name="Inspections" level="WARNING" enabled="true" />
  </inspection_tool>
  <inspection_tool class="TrivialConditionalJS" enabled="true" level="WARNING" enabled_by_default="false">
    <scope name="Inspections" level="WARNING" enabled="true" />
  </inspection_tool>
  <inspection_tool class="TrivialIfJS" enabled="true" level="WARNING" enabled_by_default="false">
    <scope name="Inspections" level="WARNING" enabled="true" />
  </inspection_tool>
  <inspection_tool class="TsLint" enabled="true" level="ERROR" enabled_by_default="false">
    <scope name="Inspections" level="ERROR" enabled="true" />
  </inspection_tool>
  <inspection_tool class="TypeScriptAccessibilityCheck" enabled="true" level="WEAK WARNING" enabled_by_default="false">
    <scope name="Inspections" level="WEAK WARNING" enabled="true" />
  </inspection_tool>
  <inspection_tool class="TypeScriptCheckImport" enabled="true" level="ERROR" enabled_by_default="false">
    <scope name="Inspections" level="ERROR" enabled="true" />
  </inspection_tool>
  <inspection_tool class="TypeScriptMissingAugmentationImport" enabled="true" level="INFORMATION" enabled_by_default="false">
    <scope name="Inspections" level="INFORMATION" enabled="true" />
  </inspection_tool>
  <inspection_tool class="TypeScriptPreferShortImport" enabled="true" level="WARNING" enabled_by_default="false">
    <scope name="Inspections" level="WARNING" enabled="true" />
  </inspection_tool>
  <inspection_tool class="TypeScriptUMDGlobal" enabled="true" level="WEAK WARNING" enabled_by_default="false">
    <scope name="Inspections" level="WEAK WARNING" enabled="true" />
  </inspection_tool>
  <inspection_tool class="TypeScriptUnresolvedFunction" enabled="true" level="WEAK WARNING" enabled_by_default="false">
    <scope name="Inspections" level="WEAK WARNING" enabled="true" />
  </inspection_tool>
  <inspection_tool class="TypeScriptUnresolvedVariable" enabled="true" level="WEAK WARNING" enabled_by_default="false">
    <scope name="Inspections" level="WEAK WARNING" enabled="true" />
  </inspection_tool>
  <inspection_tool class="TypeScriptValidateJSTypes" enabled="true" level="WEAK WARNING" enabled_by_default="false">
    <scope name="Inspections" level="WEAK WARNING" enabled="true" />
  </inspection_tool>
  <inspection_tool class="TypeScriptValidateTypes" enabled="true" level="ERROR" enabled_by_default="false">
    <scope name="Inspections" level="ERROR" enabled="true" />
  </inspection_tool>
  <inspection_tool class="TypescriptExplicitMemberType" enabled="true" level="INFORMATION" enabled_by_default="false">
    <scope name="Inspections" level="INFORMATION" enabled="true" />
  </inspection_tool>
  <inspection_tool class="UnnecessaryContinueJS" enabled="true" level="WARNING" enabled_by_default="false">
    <scope name="Inspections" level="WARNING" enabled="true" />
  </inspection_tool>
  <inspection_tool class="UnnecessaryLabelJS" enabled="true" level="WARNING" enabled_by_default="false">
    <scope name="Inspections" level="WARNING" enabled="true" />
  </inspection_tool>
  <inspection_tool class="UnnecessaryLabelOnBreakStatementJS" enabled="true" level="WARNING" enabled_by_default="false">
    <scope name="Inspections" level="WARNING" enabled="true" />
  </inspection_tool>
  <inspection_tool class="UnnecessaryLabelOnContinueStatementJS" enabled="true" level="WARNING" enabled_by_default="false">
    <scope name="Inspections" level="WARNING" enabled="true" />
  </inspection_tool>
  <inspection_tool class="UnnecessaryLocalVariableJS" enabled="true" level="WARNING" enabled_by_default="false">
    <scope name="Inspections" level="WARNING" enabled="true">
      <option name="m_ignoreImmediatelyReturnedVariables" value="false" />
      <option name="m_ignoreAnnotatedVariables" value="false" />
    </scope>
    <option name="m_ignoreImmediatelyReturnedVariables" value="false" />
    <option name="m_ignoreAnnotatedVariables" value="false" />
  </inspection_tool>
  <inspection_tool class="UnnecessaryReturnJS" enabled="true" level="WARNING" enabled_by_default="false">
    <scope name="Inspections" level="WARNING" enabled="true" />
  </inspection_tool>
  <inspection_tool class="UnreachableCodeJS" enabled="true" level="WARNING" enabled_by_default="false">
    <scope name="Inspections" level="WARNING" enabled="true" />
  </inspection_tool>
  <inspection_tool class="UnresolvedReference" enabled="true" level="ERROR" enabled_by_default="false">
    <scope name="Inspections" level="ERROR" enabled="true" />
  </inspection_tool>
  <inspection_tool class="UnterminatedStatementJS" enabled="true" level="WARNING" enabled_by_default="false">
    <scope name="Inspections" level="WARNING" enabled="true">
      <option name="ignoreSemicolonAtEndOfBlock" value="true" />
    </scope>
    <option name="ignoreSemicolonAtEndOfBlock" value="true" />
  </inspection_tool>
  <inspection_tool class="UnusedCatchParameterJS" enabled="true" level="WARNING" enabled_by_default="false">
    <scope name="Inspections" level="WARNING" enabled="true">
      <option name="m_ignoreCatchBlocksWithComments" value="false" />
    </scope>
    <option name="m_ignoreCatchBlocksWithComments" value="false" />
  </inspection_tool>
  <inspection_tool class="UnusedDefine" enabled="true" level="WARNING" enabled_by_default="false">
    <scope name="Inspections" level="WARNING" enabled="true" />
  </inspection_tool>
  <inspection_tool class="VoidExpressionJS" enabled="true" level="WARNING" enabled_by_default="false">
    <scope name="Inspections" level="WARNING" enabled="true" />
  </inspection_tool>
  <inspection_tool class="W3CssValidation" enabled="false" level="WARNING" enabled_by_default="false">
    <scope name="Inspections" level="WARNING" enabled="false">
      <option name="myCssVersion" value="css3" />
      <option name="myIgnoreVendorSpecificProperties" value="false" />
    </scope>
    <option name="myCssVersion" value="css3" />
    <option name="myIgnoreVendorSpecificProperties" value="false" />
  </inspection_tool>
  <inspection_tool class="WebpackConfigHighlighting" enabled="true" level="WARNING" enabled_by_default="false">
    <scope name="Inspections" level="WARNING" enabled="true" />
  </inspection_tool>
  <inspection_tool class="WithStatementJS" enabled="true" level="WARNING" enabled_by_default="false">
    <scope name="Inspections" level="WARNING" enabled="true" />
  </inspection_tool>
  <inspection_tool class="XHTMLIncompatabilitiesJS" enabled="true" level="WARNING" enabled_by_default="false">
    <scope name="Inspections" level="WARNING" enabled="true" />
  </inspection_tool>
  <inspection_tool class="XmlDefaultAttributeValue" enabled="false" level="WARNING" enabled_by_default="false">
    <scope name="Inspections" level="WARNING" enabled="false" />
  </inspection_tool>
  <inspection_tool class="XmlDuplicatedId" enabled="false" level="ERROR" enabled_by_default="false">
    <scope name="Inspections" level="ERROR" enabled="false" />
  </inspection_tool>
  <inspection_tool class="XmlHighlighting" enabled="false" level="ERROR" enabled_by_default="false">
    <scope name="Inspections" level="ERROR" enabled="false" />
  </inspection_tool>
  <inspection_tool class="XmlInvalidId" enabled="false" level="ERROR" enabled_by_default="false">
    <scope name="Inspections" level="ERROR" enabled="false" />
  </inspection_tool>
  <inspection_tool class="XmlPathReference" enabled="false" level="ERROR" enabled_by_default="false">
    <scope name="Inspections" level="ERROR" enabled="false" />
  </inspection_tool>
  <inspection_tool class="XmlUnboundNsPrefix" enabled="false" level="WARNING" enabled_by_default="false">
    <scope name="Inspections" level="WARNING" enabled="false" />
  </inspection_tool>
  <inspection_tool class="XmlUnusedNamespaceDeclaration" enabled="false" level="WARNING" enabled_by_default="false">
    <scope name="Inspections" level="WARNING" enabled="false" />
  </inspection_tool>
  <inspection_tool class="XmlWrongRootElement" enabled="false" level="ERROR" enabled_by_default="false">
    <scope name="Inspections" level="ERROR" enabled="false" />
  </inspection_tool>
  <inspection_tool class="XsltDeclarations" enabled="false" level="ERROR" enabled_by_default="false">
    <scope name="Inspections" level="ERROR" enabled="false" />
  </inspection_tool>
  <inspection_tool class="XsltTemplateInvocation" enabled="false" level="ERROR" enabled_by_default="false">
    <scope name="Inspections" level="ERROR" enabled="false" />
  </inspection_tool>
  <inspection_tool class="XsltUnusedDeclaration" enabled="false" level="WARNING" enabled_by_default="false">
    <scope name="Inspections" level="WARNING" enabled="false" />
  </inspection_tool>
  <inspection_tool class="XsltVariableShadowing" enabled="false" level="WARNING" enabled_by_default="false">
    <scope name="Inspections" level="WARNING" enabled="false" />
  </inspection_tool>
</profile>