<application>
  <component name="NotificationConfiguration">
    <notification groupId="Custom Postfix Templates" displayType="NONE" shouldLog="false" />
    <notification groupId="Debugger messages" displayType="TOOL_WINDOW" />
    <notification groupId="Dependencies from package.json" displayType="STICKY_BALLOON" />
    <notification groupId="Docker: Dockerfile detection" displayType="NONE" shouldLog="false" />
    <notification groupId="Find in Path" displayType="TOOL_WINDOW" />
    <notification groupId="Find Problems" displayType="STICKY_BALLOON" />
    <notification groupId="Gradle Import" displayType="STICKY_BALLOON" />
    <notification groupId="Indexing" />
    <notification groupId="Plugins AutoSwitch" />
    <notification groupId="Plugins updates" displayType="STICKY_BALLOON" />
    <notification groupId="Profiling" />
    <notification groupId="Quokka Notifications" displayType="NONE" />
    <notification groupId="Run Dashboard" displayType="STICKY_BALLOON" />
    <notification groupId="Settings Error" displayType="NONE" />
    <notification groupId="Vcs Important Messages" displayType="STICKY_BALLOON" shouldReadAloud="true" />
  </component>
</application>