<application>
  <component name="ImportFilteringUsageViewSetting">
    <option name="SHOW_IMPORTS" value="false" />
  </component>
  <component name="ShowUsagesSettings">
    <option name="GROUP_BY_FILE_STRUCTURE" value="true" />
    <option name="PREVIEW_USAGES_SPLITTER_PROPORTIONS" value="0.33240113" />
  </component>
  <component name="UsageViewSettings">
    <option name="FLATTEN_MODULES" value="false" />
    <option name="GROUP_BY_FILE_STRUCTURE" value="false" />
    <option name="GROUP_BY_SCOPE" value="true" />
    <option name="GROUP_BY_USAGE_TYPE" value="false" />
    <option name="IS_PREVIEW_USAGES" value="true" />
    <option name="PREVIEW_USAGES_SPLITTER_PROPORTIONS" value="0.43627647" />
  </component>
</application>