<application>
  <component name="AbbreviationManager">
    <abbreviations>
      <action id="com.wallaby.javascript.actions.ShowAssertionErrorDiffAction">
        <abbreviation name="wallaby" />
      </action>
      <action id="com.wallaby.javascript.actions.PlayTracePrevStepOverAction">
        <abbreviation name="wallaby" />
      </action>
      <action id="com.wallaby.javascript.actions.UpdateFileSnapshotsAction">
        <abbreviation name="wallaby" />
      </action>
      <action id="com.wallaby.javascript.actions.ShowLineTestsAction">
        <abbreviation name="w" />
        <abbreviation name="wallaby" />
      </action>
      <action id="com.wallaby.javascript.actions.RunTestAction">
        <abbreviation name="w" />
        <abbreviation name="wallaby" />
      </action>
      <action id="com.wallaby.javascript.actions.PlayTraceForwardToSelectionAction">
        <abbreviation name="wallaby" />
      </action>
      <action id="com.wallaby.javascript.actions.ShowLicenseAction">
        <abbreviation name="wallaby" />
      </action>
      <action id="com.wallaby.javascript.actions.RunTestFileAction">
        <abbreviation name="w" />
        <abbreviation name="wallaby" />
      </action>
      <action id="com.wallaby.javascript.actions.PlayTraceForwardToBreakpointAction">
        <abbreviation name="wallaby" />
      </action>
      <action id="com.wallaby.javascript.actions.JumpToErrorSourceAction">
        <abbreviation name="wallaby" />
      </action>
      <action id="com.wallaby.javascript.actions.ClearValueAction">
        <abbreviation name="wallaby" />
      </action>
      <action id="com.wallaby.javascript.actions.AddToExclusiveTestRunAction">
        <abbreviation name="wallaby" />
      </action>
      <action id="com.wallaby.javascript.actions.StartExclusiveTestRunAction">
        <abbreviation name="wallaby" />
      </action>
      <action id="com.wallaby.javascript.actions.UpdateTestSnapshotsAction">
        <abbreviation name="wallaby" />
      </action>
      <action id="com.wallaby.javascript.actions.ResetTestFilterAction">
        <abbreviation name="wallaby" />
      </action>
      <action id="com.wallaby.javascript.actions.ProfileTestAction">
        <abbreviation name="wallaby" />
      </action>
      <action id="com.wallaby.javascript.actions.PlayTraceBackwardToSelectionAction">
        <abbreviation name="wallaby" />
      </action>
      <action id="com.wallaby.javascript.actions.ShowLastRunScreenShotAction">
        <abbreviation name="w" />
        <abbreviation name="wallaby" />
      </action>
      <action id="com.wallaby.javascript.actions.PlayTraceNextStepOutAction">
        <abbreviation name="wallaby" />
      </action>
      <action id="com.wallaby.javascript.actions.DebugStopAction">
        <abbreviation name="wallaby" />
      </action>
      <action id="com.wallaby.javascript.actions.ToggleTestFilterAction">
        <abbreviation name="wallaby" />
      </action>
      <action id="com.wallaby.javascript.actions.DebugStartAction">
        <abbreviation name="wallaby" />
      </action>
      <action id="com.wallaby.javascript.actions.UpdateProjectSnapshotsAction">
        <abbreviation name="wallaby" />
      </action>
      <action id="com.wallaby.javascript.actions.ClearAllValuesAction">
        <abbreviation name="wallaby" />
      </action>
      <action id="com.wallaby.javascript.actions.ShowValueAction">
        <abbreviation name="w" />
        <abbreviation name="wallaby" />
      </action>
      <action id="com.wallaby.javascript.actions.PlayTracePrevStepOutAction">
        <abbreviation name="wallaby" />
      </action>
      <action id="com.wallaby.javascript.actions.DebugRevealTraceStepAction">
        <abbreviation name="wallaby" />
      </action>
      <action id="com.wallaby.javascript.actions.LockTestStoryAction">
        <abbreviation name="wallaby" />
      </action>
      <action id="com.wallaby.javascript.actions.LoadEndOfTruncatedTestStoryAction">
        <abbreviation name="wallaby" />
      </action>
      <action id="com.wallaby.javascript.actions.CopyValueAction">
        <abbreviation name="wallaby" />
      </action>
      <action id="com.wallaby.javascript.actions.ShowFileUncoveredRangesAction">
        <abbreviation name="w" />
        <abbreviation name="wallaby" />
      </action>
      <action id="com.wallaby.javascript.actions.ClearFileValuesAction">
        <abbreviation name="wallaby" />
      </action>
      <action id="com.wallaby.javascript.actions.PlayTracePrevStepAction">
        <abbreviation name="wallaby" />
      </action>
      <action id="com.wallaby.javascript.actions.PlayTraceNextStepAction">
        <abbreviation name="wallaby" />
      </action>
      <action id="com.wallaby.javascript.actions.JumpToTestAction">
        <abbreviation name="wallaby" />
      </action>
      <action id="com.wallaby.javascript.actions.OpenTestStoryAction">
        <abbreviation name="wallaby" />
      </action>
      <action id="com.wallaby.javascript.actions.JumpToFailingTestAction">
        <abbreviation name="wallaby" />
      </action>
      <action id="com.wallaby.javascript.actions.ShowLineUncoveredRangesAction">
        <abbreviation name="w" />
        <abbreviation name="wallaby" />
      </action>
      <action id="com.wallaby.javascript.actions.LoadStartOfTruncatedTestStoryAction">
        <abbreviation name="wallaby" />
      </action>
      <action id="com.wallaby.javascript.actions.RunAllTestsAction">
        <abbreviation name="w" />
        <abbreviation name="wallaby" />
      </action>
      <action id="com.wallaby.javascript.actions.CopyDiagnosticsReport">
        <abbreviation name="wallaby" />
      </action>
      <action id="com.wallaby.javascript.actions.PlayTraceNextStepOverAction">
        <abbreviation name="wallaby" />
      </action>
      <action id="com.wallaby.javascript.actions.UnlockTestStoryAction">
        <abbreviation name="wallaby" />
      </action>
      <action id="com.wallaby.javascript.actions.PlayTraceBackwardToBreakpointAction">
        <abbreviation name="wallaby" />
      </action>
    </abbreviations>
  </component>
</application>