<keymap version="1" name="Main Sept 13" parent="Mac OS X 10.5+">
  <action id="ActivateDatabaseToolWindow">
    <keyboard-shortcut first-keystroke="meta 2" />
    <keyboard-shortcut first-keystroke="meta numpad2" />
  </action>
  <action id="ActivateDebugToolWindow">
    <keyboard-shortcut first-keystroke="meta 4" />
    <keyboard-shortcut first-keystroke="meta numpad4" />
  </action>
  <action id="ActivateFavoritesToolWindow" />
  <action id="ActivateFindToolWindow">
    <keyboard-shortcut first-keystroke="meta 2" />
  </action>
  <action id="ActivateFlowToolWindow">
    <keyboard-shortcut first-keystroke="meta 3" />
  </action>
  <action id="ActivateInspectionResultsToolWindow">
    <keyboard-shortcut first-keystroke="shift meta i" />
    <keyboard-shortcut first-keystroke="meta numpad5" />
  </action>
  <action id="ActivateLogcatToolWindow">
    <keyboard-shortcut first-keystroke="ctrl l" />
  </action>
  <action id="ActivateMavenProjectsToolWindow">
    <keyboard-shortcut first-keystroke="meta 8" />
    <keyboard-shortcut first-keystroke="meta numpad8" />
  </action>
  <action id="ActivateMavenToolWindow">
    <keyboard-shortcut first-keystroke="meta numpad8" />
    <keyboard-shortcut first-keystroke="meta 8" />
  </action>
  <action id="ActivateMessagesToolWindow" />
  <action id="ActivateProjectToolWindow">
    <keyboard-shortcut first-keystroke="ctrl meta back_slash" />
  </action>
  <action id="ActivateQuokkaToolWindow">
    <keyboard-shortcut first-keystroke="meta 7" />
    <keyboard-shortcut first-keystroke="meta numpad7" />
  </action>
  <action id="ActivateRunToolWindow">
    <keyboard-shortcut first-keystroke="meta numpad0" />
    <keyboard-shortcut first-keystroke="meta 0" />
  </action>
  <action id="ActivateStructureToolWindow">
    <keyboard-shortcut first-keystroke="meta 5" />
    <keyboard-shortcut first-keystroke="meta numpad5" />
  </action>
  <action id="ActivateTODOToolWindow" />
  <action id="ActivateTerminalToolWindow">
    <keyboard-shortcut first-keystroke="meta 1" />
  </action>
  <action id="ActivateVersionControlToolWindow">
    <keyboard-shortcut first-keystroke="meta 6" />
    <keyboard-shortcut first-keystroke="meta numpad6" />
  </action>
  <action id="AddToFavorites">
    <keyboard-shortcut first-keystroke="shift ctrl f" />
  </action>
  <action id="AddToFavoritesPopup" />
  <action id="Annotate">
    <keyboard-shortcut first-keystroke="shift meta back_slash" />
  </action>
  <action id="Arrangement.Alias.Rule.Edit" />
  <action id="Arrangement.Rule.Add">
    <keyboard-shortcut first-keystroke="meta n" />
  </action>
  <action id="Arrangement.Rule.Edit" />
  <action id="ChangesView.Move" />
  <action id="ChangesView.Revert" />
  <action id="ChangesView.SetDefault" />
  <action id="CheckinProject" />
  <action id="ChooseDebugConfiguration">
    <keyboard-shortcut first-keystroke="shift ctrl d" />
  </action>
  <action id="ChooseRunConfiguration" />
  <action id="CloseContent" />
  <action id="CloseEditor">
    <keyboard-shortcut first-keystroke="meta w" />
  </action>
  <action id="CloseProject">
    <keyboard-shortcut first-keystroke="shift meta w" />
  </action>
  <action id="CodeCompletion">
    <keyboard-shortcut first-keystroke="alt enter" />
  </action>
  <action id="CollapseRegion">
    <keyboard-shortcut first-keystroke="meta subtract" />
    <keyboard-shortcut first-keystroke="meta minus" />
    <keyboard-shortcut first-keystroke="ctrl meta left" />
  </action>
  <action id="CollapseRegionRecursively">
    <keyboard-shortcut first-keystroke="meta alt subtract" />
    <keyboard-shortcut first-keystroke="meta alt minus" />
    <keyboard-shortcut first-keystroke="shift ctrl meta left" />
  </action>
  <action id="CompareTwoFiles" />
  <action id="Console.Open">
    <keyboard-shortcut first-keystroke="shift meta f10" />
    <keyboard-shortcut first-keystroke="meta back_slash" />
  </action>
  <action id="Console.TableResult.EditValue">
    <keyboard-shortcut first-keystroke="enter" />
  </action>
  <action id="Console.TableResult.EditValueMaximized">
    <keyboard-shortcut first-keystroke="shift enter" />
  </action>
  <action id="Console.TableResult.NavigateAction" />
  <action id="CopyPaths">
    <keyboard-shortcut first-keystroke="shift ctrl c" />
  </action>
  <action id="CopyReference">
    <keyboard-shortcut first-keystroke="shift meta c" />
  </action>
  <action id="DSM.OpenInEditor" />
  <action id="DatabaseView.CopyDdlAction">
    <keyboard-shortcut first-keystroke="shift ctrl c" />
  </action>
  <action id="Debug" />
  <action id="DebugClass">
    <keyboard-shortcut first-keystroke="shift alt enter" />
  </action>
  <action id="Debugger.EditArrayFilter">
    <keyboard-shortcut first-keystroke="shift ctrl e" />
  </action>
  <action id="Debugger.EditCustomField">
    <keyboard-shortcut first-keystroke="shift ctrl e" />
  </action>
  <action id="Debugger.EditFrameSource" />
  <action id="Debugger.EditTypeSource" />
  <action id="Debugger.ResumeThread">
    <keyboard-shortcut first-keystroke="ctrl multiply" />
  </action>
  <action id="Diff.NextChange">
    <keyboard-shortcut first-keystroke="ctrl right" />
  </action>
  <action id="Diff.PrevChange">
    <keyboard-shortcut first-keystroke="ctrl left" />
  </action>
  <action id="Diff.ShowDiff" />
  <action id="Diff.ShowSettingsPopup" />
  <action id="DomCollectionControl.Edit" />
  <action id="DomElementsTreeView.GotoDomElementDeclarationAction" />
  <action id="DuplicatesForm.SendToLeft" />
  <action id="DuplicatesForm.SendToRight" />
  <action id="EditFavorites">
    <keyboard-shortcut first-keystroke="ctrl r" />
  </action>
  <action id="EditSource">
    <keyboard-shortcut first-keystroke="meta enter" />
    <keyboard-shortcut first-keystroke="meta back_slash" />
  </action>
  <action id="EditSourceInNewWindow">
    <keyboard-shortcut first-keystroke="meta e" />
  </action>
  <action id="EditorBackwardParagraph">
    <keyboard-shortcut first-keystroke="ctrl up" />
  </action>
  <action id="EditorCloneCaretAbove">
    <keyboard-shortcut first-keystroke="shift ctrl up" />
  </action>
  <action id="EditorCloneCaretBelow">
    <keyboard-shortcut first-keystroke="shift ctrl down" />
  </action>
  <action id="EditorContextInfo">
    <keyboard-shortcut first-keystroke="shift ctrl q" />
    <keyboard-shortcut first-keystroke="ctrl x" />
  </action>
  <action id="EditorDecreaseFontSize">
    <keyboard-shortcut first-keystroke="ctrl minus" />
  </action>
  <action id="EditorDuplicate" />
  <action id="EditorDuplicateLines">
    <keyboard-shortcut first-keystroke="ctrl d" />
  </action>
  <action id="EditorForwardParagraph">
    <keyboard-shortcut first-keystroke="ctrl down" />
  </action>
  <action id="EditorIncreaseFontSize">
    <keyboard-shortcut first-keystroke="ctrl equals" />
  </action>
  <action id="EditorLineEnd">
    <keyboard-shortcut first-keystroke="meta right" />
  </action>
  <action id="EditorLineStart">
    <keyboard-shortcut first-keystroke="meta left" />
    <keyboard-shortcut first-keystroke="ctrl a" />
  </action>
  <action id="EditorLookupDown" />
  <action id="EditorLookupUp" />
  <action id="EditorMoveToPageBottom" />
  <action id="EditorPageDownWithSelection" />
  <action id="EditorPageUp">
    <keyboard-shortcut first-keystroke="meta up" />
  </action>
  <action id="EditorRight">
    <keyboard-shortcut first-keystroke="right" />
  </action>
  <action id="EditorSelectLine">
    <keyboard-shortcut first-keystroke="meta l" />
  </action>
  <action id="EditorSplitLine">
    <keyboard-shortcut first-keystroke="shift enter" />
  </action>
  <action id="EditorStartNewLine">
    <keyboard-shortcut first-keystroke="meta enter" />
  </action>
  <action id="EditorStartNewLineBefore" />
  <action id="EditorTextEnd">
    <keyboard-shortcut first-keystroke="meta down" />
  </action>
  <action id="EditorTextEndWithSelection">
    <keyboard-shortcut first-keystroke="shift meta end" />
    <keyboard-shortcut first-keystroke="shift meta down" />
  </action>
  <action id="EditorTextStart">
    <keyboard-shortcut first-keystroke="meta home" />
    <keyboard-shortcut first-keystroke="meta up" />
  </action>
  <action id="EditorTextStartWithSelection">
    <keyboard-shortcut first-keystroke="shift meta home" />
    <keyboard-shortcut first-keystroke="shift meta up" />
  </action>
  <action id="EditorUp">
    <keyboard-shortcut first-keystroke="up" />
  </action>
  <action id="EmmetNextEditPoint" />
  <action id="EmmetPreviousEditPoint" />
  <action id="EvaluateExpression">
    <keyboard-shortcut first-keystroke="alt f8" />
    <keyboard-shortcut first-keystroke="alt e" />
  </action>
  <action id="ExpandRegion">
    <keyboard-shortcut first-keystroke="meta add" />
    <keyboard-shortcut first-keystroke="meta equals" />
    <keyboard-shortcut first-keystroke="ctrl meta right" />
  </action>
  <action id="ExpandRegionRecursively">
    <keyboard-shortcut first-keystroke="meta alt add" />
    <keyboard-shortcut first-keystroke="meta alt equals" />
    <keyboard-shortcut first-keystroke="shift ctrl meta right" />
  </action>
  <action id="ExpandToLevel1" />
  <action id="ExpandToLevel2" />
  <action id="ExpandToLevel3" />
  <action id="ExpandToLevel4" />
  <action id="ExpandToLevel5" />
  <action id="ExportToTextFile" />
  <action id="ExternalSystem.OpenConfig" />
  <action id="FileChooser.GotoDesktop" />
  <action id="FileChooser.GotoHome" />
  <action id="FileChooser.GotoModule" />
  <action id="FileChooser.GotoProject" />
  <action id="FileStructurePopup">
    <keyboard-shortcut first-keystroke="meta f12" />
    <keyboard-shortcut first-keystroke="alt c" />
  </action>
  <action id="FindUsages">
    <keyboard-shortcut first-keystroke="alt f7" />
    <keyboard-shortcut first-keystroke="shift ctrl meta enter" />
  </action>
  <action id="FixDocComment">
    <keyboard-shortcut first-keystroke="alt f" />
    <keyboard-shortcut first-keystroke="alt d" />
  </action>
  <action id="Generate">
    <keyboard-shortcut first-keystroke="meta n" />
  </action>
  <action id="Git.Reword.Commit">
    <keyboard-shortcut first-keystroke="shift f6" />
  </action>
  <action id="GotoAction">
    <keyboard-shortcut first-keystroke="shift meta p" />
  </action>
  <action id="GotoDeclaration">
    <mouse-shortcut keystroke="meta button1" />
    <mouse-shortcut keystroke="button2" />
    <keyboard-shortcut first-keystroke="ctrl meta enter" />
  </action>
  <action id="GotoLine" />
  <action id="GotoNextBookmark">
    <keyboard-shortcut first-keystroke="ctrl close_bracket" />
  </action>
  <action id="GotoNextElementUnderCaretUsage">
    <mouse-shortcut keystroke="alt button142" />
    <keyboard-shortcut first-keystroke="shift ctrl alt down" />
  </action>
  <action id="GotoNextError">
    <keyboard-shortcut first-keystroke="end" />
  </action>
  <action id="GotoPrevElementUnderCaretUsage">
    <mouse-shortcut keystroke="alt button143" />
    <keyboard-shortcut first-keystroke="shift ctrl alt up" />
  </action>
  <action id="GotoPreviousBookmark">
    <keyboard-shortcut first-keystroke="ctrl open_bracket" />
  </action>
  <action id="GotoPreviousError">
    <keyboard-shortcut first-keystroke="home" />
  </action>
  <action id="GotoRelated" />
  <action id="GotoSuperMethod" />
  <action id="GotoTest" />
  <action id="GotoTypeDeclaration">
    <mouse-shortcut keystroke="shift meta button1" />
    <mouse-shortcut keystroke="shift button2" />
    <keyboard-shortcut first-keystroke="meta alt enter" />
  </action>
  <action id="Graph.Faces.OpenSelectedPages" />
  <action id="GuiDesigner.EditComponent" />
  <action id="GuiDesigner.EditGroup" />
  <action id="GuiDesigner.QuickJavadoc">
    <keyboard-shortcut first-keystroke="meta j" />
  </action>
  <action id="HideAllWindows">
    <keyboard-shortcut first-keystroke="clear" />
    <keyboard-shortcut first-keystroke="meta escape" />
    <keyboard-shortcut first-keystroke="meta delete" />
  </action>
  <action id="HippieBackwardCompletion" />
  <action id="HippieCompletion">
    <keyboard-shortcut first-keystroke="ctrl enter" />
  </action>
  <action id="Images.ShowThumbnails" />
  <action id="ImportModuleFromImlFile">
    <keyboard-shortcut first-keystroke="shift meta i" />
  </action>
  <action id="IncrementalSearch">
    <keyboard-shortcut first-keystroke="meta f" />
  </action>
  <action id="InsertLiveTemplate" />
  <action id="InspectCode">
    <keyboard-shortcut first-keystroke="meta i" />
  </action>
  <action id="IntroduceFunctionalParameter" />
  <action id="Jdbc.OpenConsole.New.Generate">
    <keyboard-shortcut first-keystroke="shift meta numpad2" />
    <keyboard-shortcut first-keystroke="shift meta 2" />
  </action>
  <action id="Jdbc.RunSqlScript">
    <keyboard-shortcut first-keystroke="shift ctrl enter" />
  </action>
  <action id="LocalHistory.ShowHistory">
    <keyboard-shortcut first-keystroke="shift meta l" />
  </action>
  <action id="LocalHistory.ShowSelectionHistory">
    <keyboard-shortcut first-keystroke="ctrl meta l" />
  </action>
  <action id="MaximizeToolWindow" />
  <action id="MethodDown">
    <keyboard-shortcut first-keystroke="ctrl alt down" />
  </action>
  <action id="MethodUp">
    <keyboard-shortcut first-keystroke="ctrl alt up" />
  </action>
  <action id="MoveLineDown">
    <keyboard-shortcut first-keystroke="ctrl meta down" />
  </action>
  <action id="MoveLineUp">
    <keyboard-shortcut first-keystroke="ctrl meta up" />
  </action>
  <action id="MoveStatementDown" />
  <action id="MoveStatementUp" />
  <action id="NewElement">
    <keyboard-shortcut first-keystroke="meta n" />
  </action>
  <action id="NextDiff">
    <keyboard-shortcut first-keystroke="f7" />
    <keyboard-shortcut first-keystroke="shift ctrl meta down" />
  </action>
  <action id="NextEditorTab">
    <keyboard-shortcut first-keystroke="shift ctrl meta open_bracket" />
  </action>
  <action id="NextSplitter" />
  <action id="OpenModuleSettings" />
  <action id="OverrideMethods" />
  <action id="PrevSplitter" />
  <action id="PreviousDiff">
    <keyboard-shortcut first-keystroke="shift f7" />
    <keyboard-shortcut first-keystroke="shift ctrl meta up" />
  </action>
  <action id="PreviousEditorTab">
    <keyboard-shortcut first-keystroke="shift ctrl meta close_bracket" />
  </action>
  <action id="QuickActionPopup" />
  <action id="QuickImplementations">
    <keyboard-shortcut first-keystroke="meta y" />
    <keyboard-shortcut first-keystroke="meta page_down" />
  </action>
  <action id="QuickJavaDoc">
    <keyboard-shortcut first-keystroke="meta j" />
    <keyboard-shortcut first-keystroke="meta end" />
  </action>
  <action id="QuickList.Local Builds">
    <keyboard-shortcut first-keystroke="shift ctrl r" />
  </action>
  <action id="Quokka.RunQuokkaOnFile">
    <keyboard-shortcut first-keystroke="meta k" />
  </action>
  <action id="Quokka.RunQuokkaOnFileAutomatically">
    <keyboard-shortcut first-keystroke="meta k" />
  </action>
  <action id="Quokka.ShowValue">
    <keyboard-shortcut first-keystroke="ctrl meta k" />
  </action>
  <action id="Quokka.StopQuokkaOnFile">
    <keyboard-shortcut first-keystroke="shift meta k" />
  </action>
  <action id="RecentChangedFiles">
    <keyboard-shortcut first-keystroke="shift ctrl s" />
  </action>
  <action id="RecentChanges">
    <keyboard-shortcut first-keystroke="shift alt c" />
    <keyboard-shortcut first-keystroke="ctrl alt c" />
  </action>
  <action id="RecentFiles">
    <keyboard-shortcut first-keystroke="ctrl meta s" />
  </action>
  <action id="RecentProjectListGroup">
    <keyboard-shortcut first-keystroke="ctrl p" />
  </action>
  <action id="ReformatWithPrettierAction">
    <keyboard-shortcut first-keystroke="ctrl meta p" />
  </action>
  <action id="RemoteHost.NewRemoteItem">
    <keyboard-shortcut first-keystroke="meta n" />
  </action>
  <action id="RemoteHostView.EditSource" />
  <action id="RenameElement">
    <keyboard-shortcut first-keystroke="ctrl r" />
  </action>
  <action id="ReopenClosedTab">
    <keyboard-shortcut first-keystroke="shift meta t" />
  </action>
  <action id="ResizeToolWindowDown">
    <keyboard-shortcut first-keystroke="shift ctrl quote" />
  </action>
  <action id="ResizeToolWindowLeft">
    <keyboard-shortcut first-keystroke="shift ctrl open_bracket" />
  </action>
  <action id="ResizeToolWindowRight">
    <keyboard-shortcut first-keystroke="shift ctrl close_bracket" />
  </action>
  <action id="ResizeToolWindowUp">
    <keyboard-shortcut first-keystroke="shift ctrl equals" />
  </action>
  <action id="Resume">
    <keyboard-shortcut first-keystroke="ctrl f" />
  </action>
  <action id="Run" />
  <action id="RunClass">
    <keyboard-shortcut first-keystroke="shift ctrl enter" />
  </action>
  <action id="RunConfigurationAsAction_Run_compile bitwig_default_target">
    <keyboard-shortcut first-keystroke="shift ctrl meta alt 9" />
  </action>
  <action id="RunConfigurationAsAction_Run_wallaby_default_target">
    <keyboard-shortcut first-keystroke="shift ctrl w" />
  </action>
  <action id="RunDashboard.CopyConfiguration" />
  <action id="RunDashboard.EditConfiguration" />
  <action id="RunDashboard.Run" />
  <action id="RunDashboard.ShowConfigurations" />
  <action id="Runner.CloseView">
    <keyboard-shortcut first-keystroke="meta w" />
  </action>
  <action id="SafeDelete" />
  <action id="SearchEverywhere">
    <keyboard-shortcut first-keystroke="shift ctrl meta p" />
  </action>
  <action id="SelectNextOccurrence">
    <keyboard-shortcut first-keystroke="ctrl g" />
    <keyboard-shortcut first-keystroke="meta d" />
  </action>
  <action id="SendEOF" />
  <action id="ShelvedChanges.Rename" />
  <action id="ShowBookmarks">
    <keyboard-shortcut first-keystroke="meta f3" />
    <keyboard-shortcut first-keystroke="shift meta b" />
  </action>
  <action id="ShowErrorDescription">
    <keyboard-shortcut first-keystroke="meta f1" />
    <keyboard-shortcut first-keystroke="ctrl c" />
  </action>
  <action id="ShowIntentionActions" />
  <action id="ShowNavBar">
    <keyboard-shortcut first-keystroke="alt home" />
    <keyboard-shortcut first-keystroke="ctrl home" />
  </action>
  <action id="ShowUsages">
    <keyboard-shortcut first-keystroke="meta alt f7" />
    <keyboard-shortcut first-keystroke="shift ctrl meta alt enter" />
  </action>
  <action id="SmartSearchAction" />
  <action id="SmartTypeCompletion">
    <keyboard-shortcut first-keystroke="ctrl alt enter" />
  </action>
  <action id="StepOut">
    <keyboard-shortcut first-keystroke="shift f8" />
    <keyboard-shortcut first-keystroke="ctrl meta alt up" />
  </action>
  <action id="StringManipulation.CreateSequenceAction">
    <keyboard-shortcut first-keystroke="alt s" />
    <keyboard-shortcut first-keystroke="shift alt s" />
  </action>
  <action id="StringManipulation.ToSnakeCaseOrCamelCase">
    <keyboard-shortcut first-keystroke="shift ctrl minus" />
  </action>
  <action id="SurroundWith">
    <keyboard-shortcut first-keystroke="meta alt t" />
    <keyboard-shortcut first-keystroke="shift meta comma" />
  </action>
  <action id="Switcher">
    <keyboard-shortcut first-keystroke="shift ctrl tab" />
    <keyboard-shortcut first-keystroke="alt tab" />
    <keyboard-shortcut first-keystroke="ctrl s" />
  </action>
  <action id="TabShiftActions.ShiftUp" />
  <action id="TabShiftActions.StretchLeft">
    <keyboard-shortcut first-keystroke="shift alt open_bracket" />
    <keyboard-shortcut first-keystroke="shift ctrl open_bracket" />
  </action>
  <action id="TabShiftActions.StretchRight">
    <keyboard-shortcut first-keystroke="shift alt close_bracket" />
    <keyboard-shortcut first-keystroke="shift ctrl close_bracket" />
  </action>
  <action id="TabShiftActions.StretchUp">
    <keyboard-shortcut first-keystroke="shift alt p" />
    <keyboard-shortcut first-keystroke="f1" />
  </action>
  <action id="TableResult.UnselectPreviousOccurrence">
    <keyboard-shortcut first-keystroke="shift ctrl g" />
  </action>
  <action id="TodoViewGroupByFlattenPackage" />
  <action id="ToggleBookmark">
    <keyboard-shortcut first-keystroke="f3" />
    <keyboard-shortcut first-keystroke="meta b" />
  </action>
  <action id="ToggleFullScreen" />
  <action id="ToggleLineBreakpoint">
    <keyboard-shortcut first-keystroke="meta f8" />
    <keyboard-shortcut first-keystroke="meta multiply" />
  </action>
  <action id="ToolWindowsGroup">
    <keyboard-shortcut first-keystroke="shift ctrl meta back_slash" />
  </action>
  <action id="Uml.CollapseNodes" />
  <action id="Uml.NodeIntentions" />
  <action id="Uml.ShowDiff" />
  <action id="Vcs.EditSource" />
  <action id="Vcs.Log.FocusTextFilter" />
  <action id="Vcs.MoveChangedLinesToChangelist" />
  <action id="Vcs.Push" />
  <action id="Vcs.RollbackChangedLines">
    <keyboard-shortcut first-keystroke="ctrl meta alt enter" />
  </action>
  <action id="Vcs.ShowMessageHistory">
    <keyboard-shortcut first-keystroke="ctrl m" />
  </action>
  <action id="Vcs.UpdateProject" />
  <action id="VcsShowCurrentChangeMarker">
    <keyboard-shortcut first-keystroke="shift ctrl alt enter" />
  </action>
  <action id="VcsShowNextChangeMarker">
    <keyboard-shortcut first-keystroke="shift ctrl meta down" />
  </action>
  <action id="VcsShowPrevChangeMarker">
    <keyboard-shortcut first-keystroke="shift ctrl meta up" />
  </action>
  <action id="ViewBreakpoints">
    <keyboard-shortcut first-keystroke="shift meta f8" />
    <keyboard-shortcut first-keystroke="shift meta multiply" />
  </action>
  <action id="ViewSource" />
  <action id="XDebugger.EditWatch">
    <keyboard-shortcut first-keystroke="shift ctrl e" />
  </action>
  <action id="XDebugger.JumpToTypeSource" />
  <action id="XDebugger.SetValue">
    <keyboard-shortcut first-keystroke="shift ctrl e" />
  </action>
  <action id="XmlSorterAction" />
  <action id="com.mnw.tabmover.actions.MovePinnedTabsToFirst" />
  <action id="com.mnw.tabmover.actions.MoveTabDownAction">
    <keyboard-shortcut first-keystroke="shift ctrl right" />
  </action>
  <action id="com.mnw.tabmover.actions.MoveTabToFirstAction" />
  <action id="com.mnw.tabmover.actions.MoveTabToLastAction" />
  <action id="com.mnw.tabmover.actions.MoveTabToNewWindow" />
  <action id="com.mnw.tabmover.actions.MoveTabToNextWindow">
    <keyboard-shortcut first-keystroke="ctrl alt right" />
  </action>
  <action id="com.mnw.tabmover.actions.MoveTabToPreviousWindow">
    <keyboard-shortcut first-keystroke="ctrl alt left" />
  </action>
  <action id="com.mnw.tabmover.actions.MoveTabUpAction">
    <keyboard-shortcut first-keystroke="shift ctrl left" />
  </action>
  <action id="com.mnw.tabmover.actions.TogglePinOnAllOpenTabsAction" />
  <action id="editRunConfigurations">
    <keyboard-shortcut first-keystroke="ctrl e" />
  </action>
  <action id="openAssertEqualsDiff" />
  <action id="osmedile.intellij.stringmanip.swap.SwapQuote">
    <keyboard-shortcut first-keystroke="shift meta quote" />
  </action>
</keymap>