<application>
  <component name="FileTypeManager" version="17">
    <extensionMap>
      <mapping pattern="redux" type="ECMAScript 6" />
      <mapping ext="js" type="ECMAScript 6" />
      <mapping pattern=".quokka" type="JSON" />
      <removed_mapping ext="js" approved="true" type="JavaScript" />
      <mapping ext="main.kts" type="Kotlin" />
      <mapping pattern="@reach/router.js" type="PLAIN_TEXT" />
      <mapping pattern=".env.development" type="PLAIN_TEXT" />
      <mapping pattern="webpack" type="PLAIN_TEXT" />
      <mapping pattern="ini" type="PLAIN_TEXT" />
      <removed_mapping ext="bat" approved="true" type="PLAIN_TEXT" />
      <removed_mapping ext="log" approved="true" type="PLAIN_TEXT" />
      <removed_mapping ext="cmd" approved="true" type="PLAIN_TEXT" />
      <removed_mapping ext="bat" approved="true" type="PLAIN_TEXT" />
      <removed_mapping ext="log" approved="true" type="PLAIN_TEXT" />
      <removed_mapping ext="dockerfile" approved="true" type="textmate" />
      <removed_mapping ext="makefile" approved="true" type="textmate" />
      <removed_mapping ext="js" approved="true" type="JavaScript" />
      <removed_mapping ext="cmd" approved="true" type="PLAIN_TEXT" />
      <removed_mapping ext="snakefile" approved="true" type="textmate" />
      <mapping ext="fnc" type="DBN-PSQL" />
      <mapping ext="pkb" type="DBN-PSQL" />
      <mapping ext="pkg" type="DBN-PSQL" />
      <mapping ext="pks" type="DBN-PSQL" />
      <mapping ext="prc" type="DBN-PSQL" />
      <mapping ext="tpb" type="DBN-PSQL" />
      <mapping ext="tpe" type="DBN-PSQL" />
      <mapping ext="tps" type="DBN-PSQL" />
      <mapping ext="trg" type="DBN-PSQL" />
      <mapping ext="vw" type="DBN-SQL" />
      <mapping pattern=".zshrc" type="Bash" />
      <mapping pattern="wizardize-mind-map" type="NB Mind Map" />
    </extensionMap>
  </component>
</application>