<application>
  <component name="OSFileAssociationPreferences">
    <option name="fileTypeNames">
      <list>
        <option value="GitIgnore file" />
        <option value="IgnoreLang file" />
        <option value="ActionScript" />
        <option value="AspectJ" />
        <option value="C#" />
        <option value="C++" />
        <option value="CSV/TSV" />
        <option value="CSS" />
        <option value="DATASOURCE_STORAGE" />
        <option value="UML" />
        <option value="Dockerfile" />
        <option value="ECMAScript 6" />
        <option value="Env File" />
        <option value="Erlang" />
        <option value="dependency diagram" />
        <option value="HTML" />
        <option value="HTTP Request" />
        <option value="Handlebars/Mustache" />
        <option value="Haskell" />
        <option value="IDEA_MODULE" />
        <option value="IDEA_PROJECT" />
        <option value="IDEA_WORKSPACE" />
        <option value="IDL" />
        <option value="JSHint" />
        <option value="JSON" />
        <option value="JSON5" />
        <option value="JSP" />
        <option value="JSHELL" />
        <option value="JAVA" />
        <option value="JFR" />
        <option value="CLASS" />
        <option value="JavaFX" />
        <option value="JavaScript" />
        <option value="Jest Snapshot" />
        <option value="Less" />
        <option value="LOMBOK_CONFIG" />
        <option value="Manifest" />
        <option value="Markdown" />
        <option value="Spacebars" />
        <option value="PATCH" />
        <option value="Perl" />
        <option value="Properties" />
        <option value="RNG Compact" />
        <option value="JSX Harmony" />
        <option value="RegExp" />
        <option value="SCSS" />
        <option value="SQL" />
        <option value="Sass" />
        <option value="SVG" />
        <option value="Dictionary" />
        <option value="PLAIN_TEXT" />
        <option value="TypeScript" />
        <option value="TypeScript JSX" />
        <option value="XHTML" />
        <option value="XML" />
        <option value="XML-x-ant" />
        <option value="XML-x-fxml" />
        <option value="XML-x-jhm" />
        <option value="XML-x-jnlp" />
        <option value="XML-x-jrxml" />
        <option value="XML-x-pom" />
        <option value="XML-x-rng" />
        <option value="XML-x-tld" />
        <option value="XML-x-wsdl" />
        <option value="XML-x-xsd" />
        <option value="XML-x-xsl" />
        <option value="XML-x-xslt" />
        <option value="XML-x-xul" />
        <option value="DTD" />
        <option value="YAML" />
      </list>
    </option>
    <option name="ideLocationHash" value="B1C8D8092AC62992A8582BA4FC0241FE" />
  </component>
</application>